{"stats":{"minecraft:crafted":{"minecraft:oak_planks":12,"minecraft:crafting_table":1,"minecraft:stick":8,"minecraft:iron_pickaxe":1,"minecraft:iron_ingot":3,"minecraft:wooden_pickaxe":1,"minecraft:stone_pickaxe":1,"minecraft:iron_leggings":1,"minecraft:stone_axe":1,"minecraft:air":0},"minecraft:picked_up":{"minecraft:oak_slab":2,"minecraft:crafting_table":1,"minecraft:raw_iron":3,"minecraft:oak_log":14,"alexsmobs:animal_dictionary":1,"minecraft:dirt":1,"minecraft:brick_stairs":1,"minecraft:iron_bars":2,"minecraft:coal":15,"minecraft:cobblestone":35,"minecraft:furnace":1},"minecraft:used":{"minecraft:apple":2,"minecraft:bread":3,"minecraft:stone_pickaxe":52,"minecraft:iron_pickaxe":1,"minecraft:wooden_pickaxe":5,"minecraft:stone_axe":14,"minecraft:dirt":1,"minecraft:crafting_table":1},"minecraft:dropped":{"alexsmobs:animal_dictionary":1,"minecraft:stone_pickaxe":1,"minecraft:wooden_pickaxe":1},"minecraft:mined":{"minecraft:oak_slab":2,"minecraft:furnace":1,"minecraft:iron_ore":3,"minecraft:crafting_table":1,"minecraft:oak_log":14,"minecraft:grass_block":1,"minecraft:coal_ore":15,"minecraft:brick_stairs":1,"minecraft:iron_bars":2,"minecraft:stone":36,"minecraft:oak_leaves":2},"minecraft:custom":{"minecraft:time_since_rest":11514,"minecraft:interact_with_furnace":4,"lootr:looted_stat":3,"minecraft:sprint_one_cm":20994,"minecraft:damage_taken":309,"minecraft:walk_one_cm":34431,"minecraft:drop":3,"minecraft:damage_dealt":174,"minecraft:swim_one_cm":7293,"minecraft:interact_with_crafting_table":5,"minecraft:fly_one_cm":22052,"minecraft:open_barrel":1,"minecraft:crouch_one_cm":3877,"minecraft:play_time":11514,"minecraft:sneak_time":1226,"minecraft:walk_under_water_one_cm":2905,"minecraft:jump":207,"minecraft:time_since_death":11514,"minecraft:walk_on_water_one_cm":781,"minecraft:climb_one_cm":767,"minecraft:total_world_time":11514,"minecraft:fall_one_cm":5381}},"DataVersion":3465}