{"stats":{"minecraft:crafted":{"minecraft:oak_planks":60,"minecraft:crafting_table":1,"minecraft:spruce_planks":88,"minecraft:wooden_pickaxe":1,"minecraft:baked_potato":6,"minecraft:copper_ingot":5,"minecraft:stone_axe":1,"minecraft:air":0,"minecraft:oak_boat":1,"minecraft:iron_chestplate":1,"minecraft:stick":8,"minecraft:iron_pickaxe":1,"minecraft:iron_ingot":14,"minecraft:stone_pickaxe":1,"minecraft:iron_leggings":1,"minecraft:dark_oak_planks":4},"minecraft:picked_up":{"minecraft:charcoal":2,"minecraft:wheat":1,"minecraft:crafting_table":5,"minecraft:gold_block":2,"minecraft:oak_log":43,"iceandfire:ectoplasm":1,"minecraft:cobblestone_wall":1,"minecraft:dirt":3,"minecraft:string":15,"bhc:red_heart":1,"minecraft:blackstone":4,"minecraft:stone_bricks":6,"minecraft:cracked_stone_bricks":3,"minecraft:wheat_seeds":11,"minecraft:spruce_planks":2,"minecraft:oak_fence_gate":3,"minecraft:stripped_oak_wood":1,"minecraft:smooth_quartz":4,"minecraft:melon_slice":6,"minecraft:oak_planks":1,"minecraft:iron_sword":1,"neapolitan:strawberry_pips":1,"minecraft:iron_boots":1,"minecraft:furnace":5,"minecraft:oak_slab":18,"minecraft:raw_iron":9,"minecraft:pumpkin":1,"minecraft:oak_fence":2,"minecraft:dandelion":1,"irons_spellbooks:fire_rune":1,"minecraft:barrel":1,"alexsmobs:animal_dictionary":1,"minecraft:brown_carpet":9,"minecraft:arrow":4,"minecraft:rotten_flesh":3,"minecraft:stone_axe":1,"minecraft:hay_block":2,"minecraft:white_concrete":1,"minecraft:emerald":1,"minecraft:chainmail_helmet":1,"minecraft:brick_stairs":1,"minecraft:white_wool":7,"minecraft:stripped_dark_oak_log":2,"minecraft:dark_oak_fence":1,"minecraft:iron_bars":2,"minecraft:coal":53,"minecraft:cobblestone":38},"minecraft:killed_by":{"minecraft:vindicator":1},"minecraft:used":{"minecraft:stone_pickaxe":52,"minecraft:baked_potato":6,"minecraft:oak_planks":8,"minecraft:wooden_pickaxe":5,"minecraft:spruce_planks":33,"minecraft:iron_sword":70,"minecraft:cooked_chicken":4,"minecraft:golden_apple":1,"farmersdelight:onion":3,"minecraft:dirt":2,"minecraft:stripped_dark_oak_log":1,"minecraft:crafting_table":3,"minecraft:apple":2,"minecraft:iron_axe":9,"minecraft:bread":25,"minecraft:iron_pickaxe":41,"minecraft:iron_boots":1,"minecraft:stone_axe":16,"minecraft:cobblestone":8,"minecraft:furnace":3,"minecraft:cooked_porkchop":6,"minecraft:pumpkin_pie":1,"minecraft:oak_boat":1,"minecraft:cooked_beef":6,"minecraft:experience_bottle":3},"minecraft:killed":{"irons_spellbooks:pyromancer":1,"minecraft:spider":1,"minecraft:skeleton":4,"minecraft:pillager":1,"minecraft:zombie":2,"iceandfire:ghost":2,"minecraft:villager":1},"minecraft:dropped":{"minecraft:iron_sword":1,"minecraft:stone_axe":1,"minecraft:oak_slab":16,"minecraft:wheat_seeds":11,"minecraft:oak_log":14,"minecraft:cobblestone_wall":1,"alexsmobs:animal_dictionary":1,"minecraft:crafting_table":2,"minecraft:oak_fence":2,"minecraft:rotten_flesh":3,"iceandfire:ectoplasm":1,"minecraft:cracked_stone_bricks":2,"minecraft:oak_fence_gate":3,"minecraft:white_concrete":1,"minecraft:smooth_quartz":2,"minecraft:melon_slice":6,"minecraft:barrel":1,"minecraft:stone_bricks":2,"minecraft:brown_carpet":9,"minecraft:pumpkin":1,"minecraft:arrow":13,"minecraft:wooden_pickaxe":1,"minecraft:stone_pickaxe":1,"minecraft:stripped_oak_wood":1,"minecraft:string":7,"minecraft:white_wool":7,"minecraft:dandelion":1},"minecraft:mined":{"minecraft:oak_slab":3,"minecraft:spruce_planks":2,"iceandfire:silver_ore":2,"minecraft:blackstone":4,"minecraft:blackstone_wall":1,"minecraft:stripped_dark_oak_log":2,"minecraft:dandelion":1,"minecraft:crafting_table":4,"minecraft:grass_block":4,"minecraft:cracked_polished_blackstone_bricks":1,"minecraft:brick_stairs":1,"minecraft:campfire":1,"minecraft:tall_grass":7,"minecraft:oak_planks":3,"minecraft:hay_block":1,"minecraft:furnace":5,"minecraft:iron_ore":6,"minecraft:fire":6,"minecraft:pumpkin":1,"minecraft:stone_brick_stairs":1,"minecraft:gold_block":2,"minecraft:dirt_path":1,"minecraft:grass":21,"minecraft:oak_log":15,"minecraft:coal_ore":19,"minecraft:cobblestone_slab":1,"minecraft:oak_stairs":1,"minecraft:iron_bars":2,"minecraft:cobweb":11,"minecraft:polished_blackstone":4,"minecraft:cracked_stone_bricks":2,"minecraft:stone":38,"minecraft:stone_bricks":8,"minecraft:oak_leaves":2,"minecraft:fern":3},"minecraft:custom":{"minecraft:interact_with_furnace":25,"lootr:looted_stat":59,"minecraft:mob_kills":13,"minecraft:interact_with_crafting_table":10,"minecraft:open_barrel":4,"minecraft:interact_with_grindstone":1,"minecraft:leave_game":2,"minecraft:time_since_death":54377,"minecraft:sleep_in_bed":6,"minecraft:climb_one_cm":5268,"minecraft:time_since_rest":2197,"minecraft:sprint_one_cm":299035,"minecraft:damage_absorbed":346,"minecraft:damage_taken":2832,"minecraft:walk_one_cm":249604,"minecraft:drop":89,"minecraft:damage_dealt":3006,"minecraft:swim_one_cm":71306,"minecraft:fly_one_cm":564096,"minecraft:open_chest":1,"minecraft:play_time":90717,"minecraft:crouch_one_cm":9314,"minecraft:deaths":2,"minecraft:sneak_time":2840,"minecraft:walk_under_water_one_cm":19099,"minecraft:boat_one_cm":60182,"minecraft:jump":2148,"minecraft:walk_on_water_one_cm":19532,"minecraft:total_world_time":90717,"minecraft:interact_with_smoker":1,"minecraft:fall_one_cm":52758}},"DataVersion":3465}