{"stats":{"minecraft:crafted":{"minecraft:oak_planks":60,"minecraft:crafting_table":1,"minecraft:spruce_planks":88,"minecraft:wooden_pickaxe":1,"minecraft:baked_potato":6,"minecraft:stone_axe":1,"minecraft:air":0,"minecraft:oak_boat":1,"minecraft:stick":8,"minecraft:iron_ingot":6,"minecraft:iron_pickaxe":1,"minecraft:stone_pickaxe":1,"minecraft:iron_leggings":1,"minecraft:dark_oak_planks":4},"minecraft:picked_up":{"minecraft:wheat":1,"minecraft:crafting_table":2,"minecraft:oak_log":15,"iceandfire:ectoplasm":1,"minecraft:dirt":3,"bhc:red_heart":1,"minecraft:stone_bricks":6,"minecraft:cracked_stone_bricks":3,"minecraft:wheat_seeds":11,"minecraft:iron_sword":1,"neapolitan:strawberry_pips":1,"minecraft:iron_boots":1,"minecraft:furnace":3,"minecraft:oak_slab":2,"minecraft:raw_iron":3,"minecraft:dandelion":1,"alexsmobs:animal_dictionary":1,"minecraft:rotten_flesh":3,"minecraft:stone_axe":1,"minecraft:chainmail_helmet":1,"minecraft:brick_stairs":1,"minecraft:dark_oak_fence":1,"minecraft:stripped_dark_oak_log":2,"minecraft:coal":15,"minecraft:iron_bars":2,"minecraft:cobblestone":36},"minecraft:killed_by":{"minecraft:vindicator":1},"minecraft:used":{"minecraft:stone_pickaxe":52,"minecraft:spruce_planks":23,"minecraft:wooden_pickaxe":5,"minecraft:iron_sword":22,"minecraft:cooked_chicken":3,"farmersdelight:onion":3,"minecraft:dirt":2,"minecraft:stripped_dark_oak_log":1,"minecraft:crafting_table":2,"minecraft:apple":2,"minecraft:bread":3,"minecraft:iron_pickaxe":10,"minecraft:iron_boots":1,"minecraft:stone_axe":16,"minecraft:cobblestone":7,"minecraft:furnace":1,"minecraft:cooked_porkchop":2,"minecraft:pumpkin_pie":1,"minecraft:oak_boat":1,"minecraft:cooked_beef":3},"minecraft:killed":{"minecraft:spider":1,"iceandfire:ghost":2,"minecraft:villager":1},"minecraft:dropped":{"minecraft:iron_sword":1,"minecraft:stone_axe":1,"minecraft:wheat_seeds":11,"alexsmobs:animal_dictionary":1,"minecraft:rotten_flesh":3,"iceandfire:ectoplasm":1,"minecraft:stone_bricks":2,"minecraft:wooden_pickaxe":1,"minecraft:stone_pickaxe":1,"minecraft:dandelion":1},"minecraft:mined":{"minecraft:oak_slab":2,"minecraft:stripped_dark_oak_log":2,"minecraft:dandelion":1,"minecraft:crafting_table":2,"minecraft:grass_block":4,"minecraft:brick_stairs":1,"minecraft:tall_grass":7,"minecraft:furnace":3,"minecraft:iron_ore":3,"minecraft:grass":21,"minecraft:coal_ore":15,"minecraft:oak_log":15,"minecraft:iron_bars":2,"minecraft:cracked_stone_bricks":1,"minecraft:stone_bricks":5,"minecraft:stone":37,"minecraft:oak_leaves":2,"minecraft:fern":3},"minecraft:custom":{"lootr:looted_stat":19,"minecraft:interact_with_furnace":16,"minecraft:mob_kills":4,"minecraft:interact_with_crafting_table":6,"minecraft:open_barrel":1,"minecraft:interact_with_grindstone":1,"minecraft:time_since_death":5174,"minecraft:sleep_in_bed":3,"minecraft:climb_one_cm":2299,"minecraft:time_since_rest":5199,"minecraft:sprint_one_cm":118302,"minecraft:damage_absorbed":189,"minecraft:damage_taken":1286,"minecraft:walk_one_cm":100821,"minecraft:drop":23,"minecraft:damage_dealt":1247,"minecraft:swim_one_cm":10397,"minecraft:fly_one_cm":198234,"minecraft:crouch_one_cm":5483,"minecraft:play_time":41514,"minecraft:deaths":2,"minecraft:sneak_time":1742,"minecraft:walk_under_water_one_cm":3394,"minecraft:boat_one_cm":60182,"minecraft:jump":950,"minecraft:walk_on_water_one_cm":3290,"minecraft:total_world_time":41514,"minecraft:fall_one_cm":33314}},"DataVersion":3465}