{"stats":{"minecraft:crafted":{"minecraft:oak_planks":60,"minecraft:crafting_table":1,"minecraft:spruce_planks":88,"minecraft:wooden_pickaxe":1,"minecraft:baked_potato":6,"minecraft:stone_axe":1,"minecraft:air":0,"minecraft:oak_boat":1,"minecraft:stick":8,"minecraft:iron_pickaxe":1,"minecraft:iron_ingot":6,"minecraft:stone_pickaxe":1,"minecraft:iron_leggings":1,"minecraft:dark_oak_planks":4},"minecraft:picked_up":{"minecraft:charcoal":2,"minecraft:wheat":1,"minecraft:crafting_table":3,"minecraft:gold_block":2,"minecraft:oak_log":15,"iceandfire:ectoplasm":1,"minecraft:dirt":3,"minecraft:string":14,"bhc:red_heart":1,"minecraft:blackstone":4,"minecraft:stone_bricks":6,"minecraft:cracked_stone_bricks":3,"minecraft:wheat_seeds":11,"minecraft:spruce_planks":2,"minecraft:melon_slice":6,"minecraft:oak_planks":1,"minecraft:iron_sword":1,"neapolitan:strawberry_pips":1,"minecraft:iron_boots":1,"minecraft:furnace":3,"minecraft:oak_slab":2,"minecraft:raw_iron":3,"minecraft:pumpkin":1,"minecraft:dandelion":1,"irons_spellbooks:fire_rune":1,"alexsmobs:animal_dictionary":1,"minecraft:brown_carpet":8,"minecraft:rotten_flesh":3,"minecraft:stone_axe":1,"minecraft:hay_block":2,"minecraft:chainmail_helmet":1,"minecraft:brick_stairs":1,"minecraft:stripped_dark_oak_log":2,"minecraft:dark_oak_fence":1,"minecraft:iron_bars":2,"minecraft:coal":15,"minecraft:cobblestone":37},"minecraft:killed_by":{"minecraft:vindicator":1},"minecraft:used":{"minecraft:stone_pickaxe":52,"minecraft:baked_potato":6,"minecraft:oak_planks":8,"minecraft:wooden_pickaxe":5,"minecraft:spruce_planks":33,"minecraft:iron_sword":66,"minecraft:cooked_chicken":4,"farmersdelight:onion":3,"minecraft:dirt":2,"minecraft:stripped_dark_oak_log":1,"minecraft:crafting_table":2,"minecraft:apple":2,"minecraft:iron_axe":8,"minecraft:bread":18,"minecraft:iron_pickaxe":31,"minecraft:iron_boots":1,"minecraft:stone_axe":16,"minecraft:cobblestone":7,"minecraft:furnace":1,"minecraft:cooked_porkchop":6,"minecraft:pumpkin_pie":1,"minecraft:oak_boat":1,"minecraft:cooked_beef":6,"minecraft:experience_bottle":3},"minecraft:killed":{"irons_spellbooks:pyromancer":1,"minecraft:spider":1,"minecraft:skeleton":2,"minecraft:pillager":1,"minecraft:zombie":2,"iceandfire:ghost":2,"minecraft:villager":1},"minecraft:dropped":{"minecraft:iron_sword":1,"minecraft:stone_axe":1,"minecraft:wheat_seeds":11,"alexsmobs:animal_dictionary":1,"minecraft:rotten_flesh":3,"iceandfire:ectoplasm":1,"minecraft:cracked_stone_bricks":2,"minecraft:melon_slice":6,"minecraft:stone_bricks":2,"minecraft:brown_carpet":7,"minecraft:pumpkin":1,"minecraft:arrow":9,"minecraft:wooden_pickaxe":1,"minecraft:stone_pickaxe":1,"minecraft:string":7,"minecraft:dandelion":1},"minecraft:mined":{"minecraft:oak_slab":3,"minecraft:spruce_planks":2,"iceandfire:silver_ore":2,"minecraft:blackstone":4,"minecraft:blackstone_wall":1,"minecraft:stripped_dark_oak_log":2,"minecraft:dandelion":1,"minecraft:crafting_table":3,"minecraft:grass_block":4,"minecraft:cracked_polished_blackstone_bricks":1,"minecraft:brick_stairs":1,"minecraft:campfire":1,"minecraft:tall_grass":7,"minecraft:oak_planks":3,"minecraft:hay_block":1,"minecraft:furnace":3,"minecraft:iron_ore":3,"minecraft:fire":6,"minecraft:pumpkin":1,"minecraft:gold_block":2,"minecraft:grass":21,"minecraft:oak_log":15,"minecraft:coal_ore":15,"minecraft:cobblestone_slab":1,"minecraft:oak_stairs":1,"minecraft:iron_bars":2,"minecraft:cobweb":11,"minecraft:polished_blackstone":4,"minecraft:cracked_stone_bricks":2,"minecraft:stone":38,"minecraft:stone_bricks":8,"minecraft:oak_leaves":2,"minecraft:fern":3},"minecraft:custom":{"minecraft:interact_with_furnace":16,"lootr:looted_stat":43,"minecraft:mob_kills":11,"minecraft:interact_with_crafting_table":6,"minecraft:open_barrel":4,"minecraft:interact_with_grindstone":1,"minecraft:leave_game":1,"minecraft:time_since_death":38289,"minecraft:sleep_in_bed":5,"minecraft:climb_one_cm":2690,"minecraft:time_since_rest":27735,"minecraft:sprint_one_cm":250234,"minecraft:damage_absorbed":306,"minecraft:damage_taken":2660,"minecraft:walk_one_cm":194589,"minecraft:drop":35,"minecraft:damage_dealt":2819,"minecraft:swim_one_cm":48007,"minecraft:fly_one_cm":449109,"minecraft:open_chest":1,"minecraft:play_time":74629,"minecraft:crouch_one_cm":7671,"minecraft:deaths":2,"minecraft:sneak_time":2451,"minecraft:walk_under_water_one_cm":13564,"minecraft:boat_one_cm":60182,"minecraft:jump":1729,"minecraft:walk_on_water_one_cm":11972,"minecraft:total_world_time":74629,"minecraft:interact_with_smoker":1,"minecraft:fall_one_cm":49524}},"DataVersion":3465}