{"stats":{"minecraft:crafted":{"minecraft:oak_boat":1,"minecraft:oak_planks":56,"minecraft:crafting_table":1,"minecraft:stick":8,"minecraft:baked_potato":6,"minecraft:iron_pickaxe":1,"minecraft:iron_ingot":6,"minecraft:wooden_pickaxe":1,"minecraft:stone_pickaxe":1,"minecraft:iron_leggings":1,"minecraft:stone_axe":1,"minecraft:air":0},"minecraft:picked_up":{"minecraft:oak_slab":2,"minecraft:crafting_table":2,"minecraft:raw_iron":3,"minecraft:dandelion":1,"minecraft:oak_log":14,"iceandfire:ectoplasm":1,"alexsmobs:animal_dictionary":1,"minecraft:dirt":1,"minecraft:rotten_flesh":3,"minecraft:wheat_seeds":5,"minecraft:chainmail_helmet":1,"minecraft:brick_stairs":1,"minecraft:iron_bars":2,"minecraft:coal":15,"minecraft:iron_boots":1,"minecraft:cobblestone":35,"minecraft:furnace":3},"minecraft:used":{"minecraft:apple":2,"minecraft:bread":3,"minecraft:stone_pickaxe":52,"minecraft:iron_pickaxe":3,"minecraft:wooden_pickaxe":5,"minecraft:iron_boots":1,"minecraft:iron_sword":19,"minecraft:stone_axe":14,"minecraft:cobblestone":7,"farmersdelight:onion":3,"minecraft:dirt":1,"minecraft:crafting_table":2,"minecraft:furnace":1,"minecraft:pumpkin_pie":1,"minecraft:cooked_beef":3},"minecraft:killed":{"iceandfire:ghost":2,"minecraft:spider":1,"minecraft:villager":1},"minecraft:dropped":{"minecraft:wheat_seeds":5,"alexsmobs:animal_dictionary":1,"minecraft:rotten_flesh":3,"iceandfire:ectoplasm":1,"minecraft:stone_pickaxe":1,"minecraft:wooden_pickaxe":1,"minecraft:dandelion":1},"minecraft:mined":{"minecraft:oak_slab":2,"minecraft:furnace":3,"minecraft:iron_ore":3,"minecraft:dandelion":1,"minecraft:crafting_table":2,"minecraft:grass":12,"minecraft:oak_log":14,"minecraft:grass_block":1,"minecraft:coal_ore":15,"minecraft:brick_stairs":1,"minecraft:iron_bars":2,"minecraft:tall_grass":6,"minecraft:stone":36,"minecraft:oak_leaves":2,"minecraft:fern":3},"minecraft:custom":{"minecraft:time_since_rest":9221,"minecraft:interact_with_furnace":16,"lootr:looted_stat":11,"minecraft:sprint_one_cm":64577,"minecraft:damage_taken":515,"minecraft:walk_one_cm":66939,"minecraft:mob_kills":4,"minecraft:drop":13,"minecraft:damage_dealt":1137,"minecraft:swim_one_cm":10397,"minecraft:interact_with_crafting_table":6,"minecraft:fly_one_cm":86912,"minecraft:open_barrel":1,"minecraft:crouch_one_cm":4150,"minecraft:play_time":23514,"minecraft:sneak_time":1281,"minecraft:walk_under_water_one_cm":3394,"minecraft:jump":457,"minecraft:time_since_death":23514,"minecraft:walk_on_water_one_cm":1722,"minecraft:sleep_in_bed":1,"minecraft:climb_one_cm":807,"minecraft:total_world_time":23514,"minecraft:fall_one_cm":14360}},"DataVersion":3465}