{"stats":{"minecraft:broken":{"minecraft:iron_shovel":1,"minecraft:iron_boots":1,"minecraft:iron_chestplate":1,"minecraft:iron_leggings":1,"minecraft:iron_helmet":1},"minecraft:killed":{"minecraft:witch":1,"minecraft:spider":2,"minecraft:skeleton":9,"alexsmobs:capuchin_monkey":4,"undead_revamp2:thehorrors":1,"undead_revamp2:the_moonflower":6,"irons_spellbooks:citadel_keeper":1,"minecraft:creeper":1,"alexsmobs:emu":2,"minecraft:pillager":10,"undead_revamp2:thesomnolence":2,"minecraft:zombie":16,"alexsmobs:cockroach":1,"iceandfire:ghost":3,"minecraft:cow":7},"minecraft:custom":{"minecraft:interact_with_smithing_table":1,"lootr:looted_stat":98,"minecraft:interact_with_anvil":1,"minecraft:mob_kills":67,"minecraft:interact_with_crafting_table":24,"minecraft:open_barrel":3,"minecraft:interact_with_campfire":16,"minecraft:eat_cake_slice":7,"minecraft:leave_game":5,"minecraft:time_since_death":82889,"minecraft:climb_one_cm":27168,"minecraft:sprint_one_cm":1045269,"minecraft:walk_one_cm":667207,"minecraft:drop":85,"minecraft:talked_to_villager":2,"minecraft:play_time":222682,"minecraft:sneak_time":10747,"minecraft:deaths":2,"minecraft:walk_under_water_one_cm":19007,"minecraft:boat_one_cm":43513,"minecraft:jump":4124,"minecraft:interact_with_blast_furnace":2,"minecraft:walk_on_water_one_cm":51365,"minecraft:total_world_time":222682,"minecraft:interact_with_furnace":27,"minecraft:interact_with_stonecutter":1,"minecraft:sleep_in_bed":12,"minecraft:time_since_rest":1858,"minecraft:waystone_activated":1,"minecraft:damage_taken":6964,"minecraft:damage_absorbed":2147483647,"minecraft:trigger_trapped_chest":1,"minecraft:damage_dealt":14290,"minecraft:swim_one_cm":85024,"minecraft:fly_one_cm":776730,"minecraft:open_chest":7,"minecraft:crouch_one_cm":43699,"minecraft:interact_with_smoker":1,"minecraft:inspect_dispenser":1,"minecraft:fall_one_cm":108587},"minecraft:mined":{"undead_revamp2:arapholia":1,"minecraft:tuff":1,"minecraft:spruce_planks":3,"minecraft:mossy_cobblestone":3,"minecraft:blackstone_wall":1,"irons_spellbooks:armor_pile":1,"minecraft:jungle_leaves":2,"minecraft:stripped_birch_log":1,"minecraft:dark_oak_fence":6,"minecraft:grass_block":304,"minecraft:jungle_log":27,"minecraft:coal_block":3,"minecraft:spruce_leaves":3,"minecraft:sandstone":14,"minecraft:spawner":1,"minecraft:hay_block":12,"minecraft:raw_iron_block":5,"minecraft:iron_ore":3,"minecraft:fire":7,"minecraft:pumpkin":1,"minecraft:anvil":3,"minecraft:brown_bed":1,"minecraft:bookshelf":61,"minecraft:dirt_path":6,"minecraft:vine":8,"upgrade_aquatic:tall_pickerelweed":1,"minecraft:brain_coral_wall_fan":1,"irons_spellbooks:inscription_table":1,"minecraft:stone":39,"minecraft:tripwire":3,"minecraft:podzol":6,"minecraft:red_bed":3,"iceandfire:myrmex_resin_jungle":1,"minecraft:brown_carpet":9,"neapolitan:strawberry_bush":1,"upgrade_aquatic:tall_beachgrass":2,"minecraft:dandelion":1,"minecraft:crafting_table":2,"minecraft:poppy":2,"minecraft:oak_wood":1,"minecraft:melon":2,"iceandfire:ghost_chest":1,"minecraft:rose_bush":1,"minecraft:dead_bush":1,"minecraft:andesite_slab":4,"minecraft:cobblestone":9,"minecraft:tall_grass":24,"minecraft:lily_pad":1,"minecraft:damaged_anvil":1,"minecraft:oak_planks":2,"minecraft:wall_torch":3,"minecraft:birch_planks":1,"minecraft:coarse_dirt":10,"minecraft:mud":1,"minecraft:wheat":1,"minecraft:birch_log":6,"valhelsia_structures:metal_framed_glass_pane":4,"minecraft:tnt":3,"minecraft:mangrove_leaves":4,"minecraft:stone_brick_stairs":2,"minecraft:grass":279,"minecraft:oak_log":26,"minecraft:dirt":44,"minecraft:sand":6,"upgrade_aquatic:beachgrass":1,"minecraft:cracked_stone_bricks":3,"minecraft:stone_bricks":5,"minecraft:netherrack":1,"minecraft:mossy_stone_bricks":4,"minecraft:chipped_anvil":1,"minecraft:emerald_block":1,"minecraft:oak_leaves":106,"minecraft:fern":55,"paraglider:goddess_statue":1},"minecraft:used":{"minecraft:iron_shovel":266,"minecraft:polished_blackstone":2,"minecraft:chest":1,"minecraft:spruce_planks":41,"minecraft:iron_sword":182,"minecraft:rotten_flesh":1,"minecraft:iron_chestplate":2,"minecraft:torch":78,"minecraft:dirt":306,"minecraft:jungle_planks":1,"minecraft:carrot":12,"minecraft:spruce_fence":2,"neapolitan:strawberry_scones":3,"minecraft:chipped_anvil":1,"minecraft:lantern":1,"minecraft:iron_axe":194,"minecraft:jungle_log":3,"minecraft:iron_helmet":1,"minecraft:iron_boots":2,"minecraft:stone_bricks":1,"minecraft:goat_horn":1,"minecraft:furnace":1,"minecraft:cooked_beef":22,"minecraft:pumpkin":1,"minecraft:brown_bed":1,"minecraft:iron_leggings":2,"minecraft:damaged_anvil":1,"minecraft:baked_potato":2,"minecraft:birch_planks":29,"minecraft:stone_pickaxe":37,"minecraft:jungle_fence":1,"minecraft:oak_planks":50,"minecraft:andesite_slab":4,"minecraft:wooden_pickaxe":11,"minecraft:chainmail_helmet":1,"minecraft:white_wool":1,"minecraft:golden_apple":2,"minecraft:sand":2,"minecraft:crafting_table":8,"minecraft:red_bed":3,"minecraft:mushroom_stew":1,"minecraft:redstone_torch":1,"minecraft:diamond_pickaxe":11,"minecraft:apple":1,"minecraft:diamond_shovel":84,"minecraft:iron_pickaxe":65,"minecraft:bread":100,"minecraft:stone_axe":37,"minecraft:soul_lantern":1,"minecraft:white_banner":1,"minecraft:dandelion":1,"minecraft:pumpkin_pie":1,"minecraft:coarse_dirt":9,"alexsmobs:animal_dictionary":5},"minecraft:picked_up":{"irons_spellbooks:scroll":1,"minecraft:crafting_table":3,"minecraft:mud":2,"minecraft:coarse_dirt":10,"minecraft:wheat":5,"minecraft:anvil":3,"minecraft:brown_bed":1,"minecraft:stone_brick_stairs":1,"paraglider:goddess_statue":1,"minecraft:string":7,"minecraft:red_bed":3,"minecraft:netherite_scrap":1,"neapolitan:banana_bunch":2,"minecraft:blackstone":2,"minecraft:cracked_stone_bricks":4,"alexsmobs:emu_feather":1,"minecraft:gold_nugget":9,"minecraft:spruce_planks":3,"minecraft:beef":14,"minecraft:jungle_sapling":1,"minecraft:poppy":8,"minecraft:player_head":1,"minecraft:iron_nugget":38,"minecraft:melon_slice":4,"minecraft:coal_block":3,"irons_spellbooks:inscription_table":1,"minecraft:polished_blackstone_brick_slab":2,"minecraft:stick":6,"minecraft:raw_iron":3,"iceandfire:ghost_chest":1,"minecraft:jungle_door":1,"minecraft:torch":20,"minecraft:acacia_log":3,"minecraft:spruce_fence":2,"minecraft:tnt":3,"minecraft:arrow":7,"minecraft:rotten_flesh":18,"minecraft:blackstone_wall":2,"minecraft:hay_block":15,"minecraft:black_banner":1,"minecraft:polished_blackstone":2,"undead_revamp2:arapholia":1,"minecraft:cod":1,"minecraft:white_wool":24,"minecraft:cobblestone":79,"minecraft:birch_log":6,"minecraft:feather":1,"minecraft:cooked_beef":14,"minecraft:jungle_log":33,"minecraft:leather":4,"minecraft:jungle_fence":1,"minecraft:birch_planks":1,"paraglider:spirit_orb":4,"minecraft:tuff":1,"minecraft:oak_log":26,"iceandfire:ectoplasm":1,"minecraft:stripped_birch_log":1,"minecraft:dirt":372,"minecraft:lantern":1,"minecraft:white_banner":1,"bhc:red_heart":3,"minecraft:bone":32,"minecraft:chipped_anvil":1,"minecraft:apple":1,"minecraft:stone_bricks":5,"minecraft:wheat_seeds":41,"valhelsia_structures:metal_framed_glass_pane":8,"minecraft:dark_oak_sign":2,"minecraft:glass_bottle":1,"irons_spellbooks:cinder_essence":1,"minecraft:oak_planks":61,"minecraft:book":183,"minecraft:scaffolding":1,"minecraft:emerald_block":1,"minecraft:pumpkin":1,"irons_spellbooks:legendary_ink":1,"minecraft:dandelion":3,"minecraft:raw_iron_block":5,"minecraft:sand":8,"minecraft:jungle_planks":2,"minecraft:ink_sac":6,"minecraft:mossy_cobblestone":1,"minecraft:stripped_jungle_log":17,"minecraft:oak_wood":1,"minecraft:soul_lantern":1,"minecraft:lever":1,"minecraft:oak_sapling":21,"minecraft:bread":10,"minecraft:jack_o_lantern":1,"minecraft:baked_potato":2,"minecraft:damaged_anvil":1,"minecraft:andesite_slab":4},"minecraft:dropped":{"minecraft:iron_ingot":31,"minecraft:bread":29,"minecraft:wheat_seeds":7,"minecraft:glass_bottle":2,"minecraft:crafting_table":1,"minecraft:feather":1,"minecraft:cobblestone":33,"minecraft:jungle_planks":1,"minecraft:cracked_stone_bricks":4,"minecraft:black_banner":1,"minecraft:chainmail_helmet":1,"minecraft:cod":1,"minecraft:dirt":2,"minecraft:ink_sac":6,"minecraft:torch":14,"minecraft:blackstone_wall":2,"minecraft:jack_o_lantern":1,"neapolitan:strawberries":1,"minecraft:gold_nugget":9,"alexsmobs:emu_feather":1,"minecraft:polished_blackstone_brick_slab":2,"minecraft:mud":2,"valhelsia_structures:metal_framed_glass_pane":8,"minecraft:dandelion":1,"minecraft:stone_axe":1,"minecraft:blackstone":2,"minecraft:coarse_dirt":1,"alexsmobs:animal_dictionary":1,"minecraft:tuff":1,"minecraft:wheat":2,"minecraft:rotten_flesh":5,"minecraft:iron_boots":1,"minecraft:stone_bricks":4,"minecraft:wooden_pickaxe":1,"minecraft:stone_brick_stairs":1},"minecraft:crafted":{"minecraft:oak_planks":40,"minecraft:raw_iron":45,"minecraft:coal":27,"minecraft:furnace":1,"minecraft:diamond_shovel":1,"minecraft:iron_boots":1,"minecraft:stone_pickaxe":1,"minecraft:chest":2,"minecraft:wheat":239,"sophisticatedbackpacks:iron_backpack":1,"minecraft:emerald":9,"sophisticatedbackpacks:backpack":1,"minecraft:crafting_table":7,"minecraft:spruce_planks":60,"minecraft:wooden_pickaxe":1,"minecraft:iron_helmet":1,"minecraft:hay_block":8,"minecraft:birch_planks":28,"minecraft:stone_axe":1,"minecraft:bread":83,"minecraft:air":0,"minecraft:jungle_planks":16,"minecraft:iron_chestplate":1,"minecraft:diamond_pickaxe":1,"minecraft:stick":28,"minecraft:iron_ingot":54,"minecraft:iron_leggings":1,"minecraft:redstone_torch":1,"minecraft:acacia_planks":12,"minecraft:torch":64}},"DataVersion":3465}