{"stats":{"minecraft:crafted":{"minecraft:oak_planks":20,"minecraft:crafting_table":1,"minecraft:spruce_planks":60,"minecraft:wooden_pickaxe":1,"minecraft:birch_planks":24,"minecraft:stone_axe":1,"minecraft:stick":8,"minecraft:stone_pickaxe":1},"minecraft:picked_up":{"minecraft:birch_log":6,"minecraft:crafting_table":1,"minecraft:wheat":1,"minecraft:cooked_beef":14,"minecraft:anvil":3,"minecraft:leather":4,"minecraft:brown_bed":1,"minecraft:oak_log":9,"iceandfire:ectoplasm":1,"minecraft:dirt":10,"minecraft:red_bed":1,"minecraft:chipped_anvil":1,"minecraft:apple":1,"minecraft:stone_bricks":2,"minecraft:wheat_seeds":1,"valhelsia_structures:metal_framed_glass_pane":4,"minecraft:beef":14,"minecraft:dark_oak_sign":2,"minecraft:coal_block":3,"minecraft:book":6,"minecraft:raw_iron":3,"minecraft:raw_iron_block":5,"minecraft:oak_wood":1,"minecraft:rotten_flesh":5,"minecraft:hay_block":6,"minecraft:baked_potato":2,"minecraft:damaged_anvil":1,"minecraft:cobblestone":17},"minecraft:used":{"minecraft:damaged_anvil":1,"minecraft:birch_planks":24,"minecraft:stone_pickaxe":30,"minecraft:spruce_planks":16,"minecraft:wooden_pickaxe":11,"minecraft:chainmail_helmet":1,"minecraft:iron_chestplate":1,"minecraft:dirt":3,"minecraft:crafting_table":1,"minecraft:carrot":12,"neapolitan:strawberry_scones":3,"minecraft:apple":1,"minecraft:chipped_anvil":1,"minecraft:bread":1,"minecraft:iron_boots":1,"minecraft:stone_axe":37,"minecraft:pumpkin_pie":1,"minecraft:cooked_beef":4,"minecraft:iron_leggings":1,"minecraft:brown_bed":1},"minecraft:killed":{"undead_revamp2:the_moonflower":1,"minecraft:cow":7},"minecraft:dropped":{"minecraft:stone_axe":1,"minecraft:wheat_seeds":1,"minecraft:rotten_flesh":5,"minecraft:iron_boots":1,"minecraft:chainmail_helmet":1,"minecraft:dirt":2,"neapolitan:strawberries":1,"minecraft:wooden_pickaxe":1},"minecraft:custom":{"minecraft:interact_with_smithing_table":1,"lootr:looted_stat":17,"minecraft:interact_with_anvil":1,"minecraft:mob_kills":8,"minecraft:interact_with_crafting_table":3,"minecraft:open_barrel":2,"minecraft:interact_with_campfire":16,"minecraft:eat_cake_slice":7,"minecraft:time_since_death":792,"minecraft:sleep_in_bed":3,"minecraft:climb_one_cm":7627,"minecraft:time_since_rest":799,"minecraft:damage_absorbed":52,"minecraft:sprint_one_cm":135420,"minecraft:damage_taken":1105,"minecraft:walk_one_cm":80794,"minecraft:drop":13,"minecraft:damage_dealt":1237,"minecraft:swim_one_cm":11895,"minecraft:fly_one_cm":176097,"minecraft:crouch_one_cm":4537,"minecraft:play_time":35552,"minecraft:deaths":1,"minecraft:sneak_time":1820,"minecraft:walk_under_water_one_cm":2807,"minecraft:boat_one_cm":43513,"minecraft:jump":945,"minecraft:interact_with_blast_furnace":1,"minecraft:walk_on_water_one_cm":2666,"minecraft:total_world_time":35552,"minecraft:fall_one_cm":31310},"minecraft:mined":{"undead_revamp2:arapholia":1,"minecraft:red_bed":1,"neapolitan:strawberry_bush":1,"minecraft:crafting_table":1,"minecraft:dark_oak_fence":6,"minecraft:oak_wood":1,"minecraft:grass_block":6,"minecraft:rose_bush":1,"minecraft:tall_grass":6,"minecraft:coal_block":3,"minecraft:spruce_leaves":3,"minecraft:damaged_anvil":1,"minecraft:hay_block":6,"minecraft:raw_iron_block":5,"minecraft:birch_log":6,"minecraft:iron_ore":3,"minecraft:wheat":1,"valhelsia_structures:metal_framed_glass_pane":4,"minecraft:anvil":3,"minecraft:stone_brick_stairs":1,"minecraft:brown_bed":1,"minecraft:grass":19,"minecraft:bookshelf":2,"minecraft:oak_log":9,"minecraft:dirt":3,"minecraft:cracked_stone_bricks":2,"minecraft:stone_bricks":1,"minecraft:stone":17,"minecraft:chipped_anvil":1,"minecraft:oak_leaves":4,"minecraft:fern":2}},"DataVersion":3465}