{"stats":{"minecraft:crafted":{"minecraft:oak_planks":16,"minecraft:crafting_table":1,"minecraft:wooden_pickaxe":1,"minecraft:birch_planks":24,"minecraft:stone_axe":1,"minecraft:stick":8,"minecraft:stone_pickaxe":1},"minecraft:picked_up":{"minecraft:birch_log":6,"minecraft:crafting_table":1,"minecraft:cooked_beef":14,"minecraft:anvil":3,"minecraft:leather":4,"minecraft:brown_bed":1,"minecraft:oak_log":9,"iceandfire:ectoplasm":1,"minecraft:dirt":5,"minecraft:red_bed":1,"minecraft:chipped_anvil":1,"minecraft:apple":1,"valhelsia_structures:metal_framed_glass_pane":4,"minecraft:beef":14,"minecraft:dark_oak_sign":2,"minecraft:coal_block":3,"minecraft:raw_iron":3,"minecraft:raw_iron_block":5,"minecraft:rotten_flesh":5,"minecraft:hay_block":6,"minecraft:baked_potato":2,"minecraft:damaged_anvil":1,"minecraft:cobblestone":17},"minecraft:used":{"minecraft:damaged_anvil":1,"minecraft:birch_planks":9,"minecraft:stone_pickaxe":26,"minecraft:wooden_pickaxe":11,"minecraft:chainmail_helmet":1,"minecraft:iron_chestplate":1,"minecraft:dirt":3,"minecraft:crafting_table":1,"minecraft:carrot":11,"neapolitan:strawberry_scones":1,"minecraft:apple":1,"minecraft:chipped_anvil":1,"minecraft:bread":1,"minecraft:iron_boots":1,"minecraft:stone_axe":25,"minecraft:iron_leggings":1,"minecraft:brown_bed":1},"minecraft:killed":{"undead_revamp2:the_moonflower":1,"minecraft:cow":7},"minecraft:dropped":{"minecraft:rotten_flesh":5,"minecraft:iron_boots":1,"minecraft:chainmail_helmet":1,"minecraft:dirt":2,"minecraft:wooden_pickaxe":1},"minecraft:custom":{"minecraft:interact_with_smithing_table":1,"lootr:looted_stat":11,"minecraft:interact_with_anvil":1,"minecraft:mob_kills":8,"minecraft:interact_with_crafting_table":3,"minecraft:open_barrel":2,"minecraft:interact_with_campfire":16,"minecraft:eat_cake_slice":7,"minecraft:time_since_death":23552,"minecraft:sleep_in_bed":1,"minecraft:climb_one_cm":4148,"minecraft:time_since_rest":9221,"minecraft:sprint_one_cm":88347,"minecraft:damage_taken":427,"minecraft:walk_one_cm":55601,"minecraft:drop":10,"minecraft:damage_dealt":1139,"minecraft:swim_one_cm":11485,"minecraft:fly_one_cm":89109,"minecraft:crouch_one_cm":2372,"minecraft:play_time":23552,"minecraft:sneak_time":1337,"minecraft:walk_under_water_one_cm":1608,"minecraft:jump":509,"minecraft:interact_with_blast_furnace":1,"minecraft:walk_on_water_one_cm":2337,"minecraft:total_world_time":23552,"minecraft:fall_one_cm":13710},"minecraft:mined":{"undead_revamp2:arapholia":1,"minecraft:red_bed":1,"minecraft:crafting_table":1,"minecraft:grass_block":2,"minecraft:rose_bush":1,"minecraft:coal_block":3,"minecraft:spruce_leaves":3,"minecraft:damaged_anvil":1,"minecraft:hay_block":6,"minecraft:raw_iron_block":5,"minecraft:birch_log":6,"minecraft:iron_ore":3,"valhelsia_structures:metal_framed_glass_pane":4,"minecraft:anvil":3,"minecraft:brown_bed":1,"minecraft:grass":14,"minecraft:oak_log":9,"minecraft:dirt":2,"minecraft:stone":17,"minecraft:chipped_anvil":1,"minecraft:oak_leaves":4,"minecraft:fern":2}},"DataVersion":3465}