{"stats":{"minecraft:mined":{"minecraft:spruce_leaves":14,"minecraft:birch_leaves":6},"minecraft:used":{"minecraft:cooked_beef":2},"minecraft:picked_up":{"minecraft:iron_pickaxe":1},"minecraft:custom":{"minecraft:jump":42,"minecraft:time_since_rest":11042,"minecraft:damage_taken":247,"minecraft:leave_game":4,"minecraft:crouch_one_cm":576,"minecraft:play_time":11042,"minecraft:sprint_one_cm":2052,"minecraft:damage_absorbed":525,"minecraft:time_since_death":11042,"minecraft:walk_one_cm":4843,"minecraft:sneak_time":310,"minecraft:total_world_time":11042,"minecraft:fall_one_cm":1638,"minecraft:drop":1,"minecraft:fly_one_cm":61124},"minecraft:dropped":{"minecraft:iron_pickaxe":1}},"DataVersion":3465}