{"stats":{"minecraft:crafted":{"minecraft:oak_planks":40,"minecraft:stone_pickaxe":1,"minecraft:chest":1,"sophisticatedbackpacks:iron_backpack":1,"sophisticatedbackpacks:backpack":1,"minecraft:crafting_table":4,"minecraft:spruce_planks":60,"minecraft:wooden_pickaxe":1,"minecraft:birch_planks":28,"minecraft:stone_axe":1,"minecraft:diamond_pickaxe":1,"minecraft:stick":12},"minecraft:picked_up":{"irons_spellbooks:scroll":1,"minecraft:crafting_table":2,"minecraft:coarse_dirt":10,"minecraft:wheat":1,"minecraft:anvil":3,"minecraft:brown_bed":1,"minecraft:stone_brick_stairs":1,"minecraft:string":4,"minecraft:red_bed":2,"minecraft:netherite_scrap":1,"minecraft:cracked_stone_bricks":4,"minecraft:spruce_planks":1,"minecraft:beef":14,"minecraft:iron_nugget":38,"minecraft:melon_slice":4,"minecraft:coal_block":3,"irons_spellbooks:inscription_table":1,"minecraft:raw_iron":3,"minecraft:torch":14,"minecraft:rotten_flesh":6,"minecraft:hay_block":11,"minecraft:cobblestone":17,"minecraft:birch_log":6,"minecraft:cooked_beef":14,"minecraft:leather":4,"minecraft:birch_planks":1,"minecraft:tuff":1,"minecraft:oak_log":9,"iceandfire:ectoplasm":1,"minecraft:dirt":25,"minecraft:stripped_birch_log":1,"minecraft:chipped_anvil":1,"minecraft:apple":1,"minecraft:stone_bricks":5,"minecraft:wheat_seeds":2,"valhelsia_structures:metal_framed_glass_pane":8,"minecraft:dark_oak_sign":2,"irons_spellbooks:cinder_essence":1,"minecraft:book":69,"minecraft:pumpkin":1,"irons_spellbooks:legendary_ink":1,"minecraft:dandelion":1,"minecraft:raw_iron_block":5,"minecraft:ink_sac":6,"minecraft:oak_wood":1,"minecraft:baked_potato":2,"minecraft:damaged_anvil":1,"minecraft:andesite_slab":4},"minecraft:used":{"minecraft:spruce_planks":24,"minecraft:rotten_flesh":1,"minecraft:iron_chestplate":1,"minecraft:torch":4,"minecraft:dirt":22,"minecraft:carrot":12,"neapolitan:strawberry_scones":3,"minecraft:chipped_anvil":1,"minecraft:iron_axe":65,"minecraft:iron_boots":1,"minecraft:stone_bricks":1,"minecraft:goat_horn":1,"minecraft:cooked_beef":17,"minecraft:pumpkin":1,"minecraft:brown_bed":1,"minecraft:iron_leggings":1,"minecraft:damaged_anvil":1,"minecraft:birch_planks":29,"minecraft:stone_pickaxe":37,"minecraft:baked_potato":2,"minecraft:andesite_slab":1,"minecraft:wooden_pickaxe":11,"minecraft:chainmail_helmet":1,"minecraft:golden_apple":2,"minecraft:crafting_table":4,"minecraft:red_bed":1,"minecraft:diamond_pickaxe":7,"minecraft:apple":1,"minecraft:bread":1,"minecraft:stone_axe":37,"minecraft:pumpkin_pie":1,"alexsmobs:animal_dictionary":5,"minecraft:coarse_dirt":9},"minecraft:killed":{"minecraft:witch":1,"undead_revamp2:the_moonflower":1,"irons_spellbooks:citadel_keeper":1,"minecraft:zombie":1,"minecraft:cow":7},"minecraft:dropped":{"minecraft:wheat_seeds":2,"minecraft:crafting_table":1,"minecraft:cracked_stone_bricks":4,"minecraft:chainmail_helmet":1,"minecraft:dirt":2,"minecraft:ink_sac":6,"minecraft:torch":14,"neapolitan:strawberries":1,"valhelsia_structures:metal_framed_glass_pane":8,"minecraft:dandelion":1,"minecraft:stone_axe":1,"minecraft:coarse_dirt":1,"alexsmobs:animal_dictionary":1,"minecraft:wheat":1,"minecraft:rotten_flesh":5,"minecraft:iron_boots":1,"minecraft:stone_bricks":4,"minecraft:wooden_pickaxe":1,"minecraft:stone_brick_stairs":1},"minecraft:custom":{"minecraft:interact_with_smithing_table":1,"lootr:looted_stat":40,"minecraft:mob_kills":11,"minecraft:interact_with_anvil":1,"minecraft:interact_with_crafting_table":10,"minecraft:open_barrel":3,"minecraft:interact_with_campfire":16,"minecraft:eat_cake_slice":7,"minecraft:time_since_death":30792,"minecraft:climb_one_cm":9251,"minecraft:sprint_one_cm":302625,"minecraft:walk_one_cm":178416,"minecraft:drop":31,"minecraft:play_time":65552,"minecraft:deaths":1,"minecraft:sneak_time":4622,"minecraft:walk_under_water_one_cm":3126,"minecraft:boat_one_cm":43513,"minecraft:jump":1496,"minecraft:interact_with_blast_furnace":1,"minecraft:walk_on_water_one_cm":6732,"minecraft:total_world_time":65552,"minecraft:sleep_in_bed":6,"minecraft:time_since_rest":18620,"minecraft:damage_taken":2165,"minecraft:damage_absorbed":757,"minecraft:damage_dealt":2848,"minecraft:swim_one_cm":14629,"minecraft:fly_one_cm":269143,"minecraft:crouch_one_cm":16711,"minecraft:fall_one_cm":44277},"minecraft:mined":{"undead_revamp2:arapholia":1,"minecraft:tuff":1,"minecraft:spruce_planks":1,"irons_spellbooks:armor_pile":1,"minecraft:stripped_birch_log":1,"minecraft:dark_oak_fence":6,"minecraft:grass_block":11,"minecraft:coal_block":3,"minecraft:spruce_leaves":3,"minecraft:hay_block":12,"minecraft:raw_iron_block":5,"minecraft:iron_ore":3,"minecraft:pumpkin":1,"minecraft:anvil":3,"minecraft:brown_bed":1,"minecraft:bookshelf":23,"minecraft:dirt_path":5,"irons_spellbooks:inscription_table":1,"minecraft:stone":17,"minecraft:podzol":6,"minecraft:red_bed":2,"minecraft:brown_carpet":9,"neapolitan:strawberry_bush":1,"minecraft:dandelion":1,"minecraft:crafting_table":2,"minecraft:oak_wood":1,"minecraft:melon":2,"minecraft:rose_bush":1,"minecraft:andesite_slab":4,"minecraft:tall_grass":9,"minecraft:damaged_anvil":1,"minecraft:birch_planks":1,"minecraft:coarse_dirt":10,"minecraft:birch_log":6,"minecraft:wheat":1,"valhelsia_structures:metal_framed_glass_pane":4,"minecraft:stone_brick_stairs":2,"minecraft:grass":32,"minecraft:oak_log":9,"minecraft:dirt":3,"minecraft:cracked_stone_bricks":3,"minecraft:stone_bricks":3,"minecraft:chipped_anvil":1,"minecraft:oak_leaves":5,"minecraft:fern":2}},"DataVersion":3465}