{"stats":{"minecraft:killed":{"minecraft:witch":1,"minecraft:spider":6,"minecraft:skeleton":20,"alexsmobs:capuchin_monkey":4,"undead_revamp2:therod":2,"minecraft:zombie_villager":1,"minecraft:creeper":4,"minecraft:pillager":10,"minecraft:zombie":31,"undead_revamp2:theskeeper":1,"minecraft:cow":7,"undead_revamp2:bomber":1,"undead_revamp2:thehorrors":1,"undead_revamp2:sucker":1,"undead_revamp2:the_moonflower":7,"irons_spellbooks:citadel_keeper":1,"alexsmobs:emu":2,"undead_revamp2:thesomnolence":8,"alexsmobs:cockroach":1,"iceandfire:ghost":3},"minecraft:picked_up":{"irons_spellbooks:scroll":1,"minecraft:wheat":5,"minecraft:anvil":3,"minecraft:brown_bed":1,"minecraft:stone_brick_stairs":1,"paraglider:goddess_statue":1,"minecraft:string":17,"create:limestone":77,"minecraft:raw_copper":331,"epicpaladins:bloodstone_gem":11,"neapolitan:banana_bunch":8,"alexsmobs:emu_feather":1,"minecraft:cobbled_deepslate":25,"minecraft:gold_nugget":9,"bosses_of_mass_destruction:soul_star":1,"minecraft:spruce_planks":3,"minecraft:calcite":12,"minecraft:melon_slice":4,"minecraft:coal_block":3,"irons_spellbooks:inscription_table":1,"minecraft:polished_blackstone_brick_slab":2,"minecraft:stick":6,"iceandfire:ghost_chest":1,"minecraft:jungle_door":1,"minecraft:torch":24,"minecraft:acacia_log":3,"tacz:attachment":1,"minecraft:diorite":25,"minecraft:rotten_flesh":34,"epicpaladins:cryorium_gem":2,"minecraft:blackstone_wall":2,"create:veridium":7,"minecraft:cod":1,"undead_revamp2:arapholia":1,"minecraft:cobblestone":263,"minecraft:birch_log":6,"minecraft:feather":1,"minecraft:cooked_beef":14,"minecraft:andesite":26,"minecraft:jungle_log":34,"paraglider:spirit_orb":4,"minecraft:tuff":8,"create:raw_zinc":1,"minecraft:stripped_birch_log":1,"minecraft:dirt":414,"minecraft:lantern":1,"bhc:red_heart":7,"minecraft:bone":44,"minecraft:chipped_anvil":1,"minecraft:wheat_seeds":64,"valhelsia_structures:metal_framed_glass_pane":8,"minecraft:raw_gold":12,"minecraft:dark_oak_sign":2,"tacz:gun_smith_table":2,"minecraft:oak_planks":61,"irons_spellbooks:legendary_ink":1,"minecraft:jungle_planks":2,"minecraft:sand":8,"palladium:raw_lead":27,"minecraft:ink_sac":6,"minecraft:mossy_cobblestone":1,"minecraft:soul_lantern":1,"minecraft:lever":1,"minecraft:granite":31,"minecraft:bread":10,"minecraft:jack_o_lantern":1,"minecraft:oak_sapling":21,"iceandfire:raw_silver":8,"valhelsia_structures:unlit_lantern":1,"minecraft:andesite_slab":4,"minecraft:crafting_table":3,"minecraft:mud":2,"minecraft:coarse_dirt":10,"minecraft:leather_leggings":1,"minecraft:red_bed":3,"minecraft:netherite_scrap":1,"tacz:ammo":60,"minecraft:blackstone":2,"minecraft:cracked_stone_bricks":4,"minecraft:beef":14,"minecraft:player_head":1,"minecraft:poppy":8,"minecraft:jungle_sapling":1,"minecraft:iron_nugget":38,"minecraft:raw_iron":14,"minecraft:copper_ingot":3,"minecraft:spruce_fence":2,"minecraft:redstone":28,"minecraft:tnt":3,"minecraft:arrow":21,"minecraft:hay_block":15,"alexscaves:spelunkery_table":1,"minecraft:black_banner":1,"minecraft:polished_blackstone":2,"minecraft:white_wool":24,"snifferplus:stone_pine_sapling":1,"minecraft:leather":4,"minecraft:jungle_fence":1,"minecraft:birch_planks":1,"minecraft:oak_log":26,"iceandfire:ectoplasm":1,"minecraft:golden_boots":1,"minecraft:gunpowder":3,"minecraft:white_banner":1,"minecraft:apple":1,"minecraft:stone_bricks":5,"minecraft:glass_bottle":1,"irons_spellbooks:cinder_essence":1,"minecraft:book":183,"minecraft:scaffolding":1,"minecraft:smooth_basalt":1,"minecraft:emerald_block":1,"minecraft:pitcher_plant":1,"minecraft:pumpkin":1,"minecraft:dandelion":3,"minecraft:raw_iron_block":5,"minecraft:spider_eye":2,"minecraft:stripped_jungle_log":17,"minecraft:oak_wood":1,"tacz:modern_kinetic_gun":1,"minecraft:baked_potato":2,"minecraft:damaged_anvil":1,"minecraft:coal":102},"minecraft:mined":{"undead_revamp2:arapholia":1,"create:deepslate_zinc_ore":1,"minecraft:spruce_planks":3,"irons_spellbooks:armor_pile":1,"minecraft:jungle_leaves":2,"minecraft:granite":31,"minecraft:grass_block":322,"snifferplus:fiddlefern":1,"minecraft:jungle_log":28,"minecraft:coal_block":3,"palladium:lead_ore":27,"tacz:gun_smith_table":2,"minecraft:spawner":1,"minecraft:raw_iron_block":5,"minecraft:iron_ore":9,"minecraft:fire":7,"minecraft:pumpkin":1,"minecraft:anvil":3,"minecraft:brown_bed":1,"minecraft:dirt_path":6,"create:veridium":7,"create:limestone":77,"minecraft:tripwire":3,"minecraft:deepslate_redstone_ore":1,"minecraft:red_bed":3,"iceandfire:myrmex_resin_jungle":1,"upgrade_aquatic:tall_beachgrass":2,"valhelsia_structures:cracked_big_glazed_jar_top":1,"minecraft:calcite":12,"minecraft:poppy":2,"minecraft:melon":2,"iceandfire:ghost_chest":1,"minecraft:dead_bush":1,"minecraft:cobblestone":22,"minecraft:oak_planks":2,"minecraft:damaged_anvil":1,"minecraft:wall_torch":5,"minecraft:mud":1,"minecraft:birch_log":6,"minecraft:wheat":1,"epicpaladins:deepslate_cryorium_ore":2,"minecraft:tnt":3,"minecraft:stone_brick_stairs":2,"minecraft:grass":376,"minecraft:oak_log":26,"snifferplus:stone_pine_leaves":7,"minecraft:sand":6,"minecraft:dirt":63,"upgrade_aquatic:beachgrass":1,"minecraft:smooth_basalt":1,"minecraft:netherrack":1,"minecraft:oak_leaves":109,"minecraft:deepslate":20,"minecraft:emerald_block":1,"alexscaves:spelunkery_table":1,"minecraft:tuff":8,"iceandfire:silver_ore":8,"minecraft:mossy_cobblestone":3,"minecraft:blackstone_wall":1,"minecraft:stripped_birch_log":1,"minecraft:dark_oak_fence":6,"minecraft:spruce_leaves":3,"minecraft:sandstone":14,"minecraft:hay_block":12,"minecraft:redstone_ore":5,"valhelsia_structures:cracked_big_glazed_jar":1,"minecraft:andesite":28,"minecraft:bookshelf":61,"minecraft:deepslate_iron_ore":6,"minecraft:vine":9,"upgrade_aquatic:tall_pickerelweed":1,"minecraft:brain_coral_wall_fan":1,"irons_spellbooks:inscription_table":1,"minecraft:stone":209,"minecraft:podzol":6,"valhelsia_structures:unlit_lantern":1,"epicpaladins:deepslate_bloodstone_ore":11,"minecraft:brown_carpet":9,"neapolitan:strawberry_bush":1,"minecraft:dandelion":1,"minecraft:crafting_table":2,"minecraft:oak_wood":1,"minecraft:rose_bush":1,"minecraft:andesite_slab":4,"minecraft:tall_grass":66,"minecraft:copper_ore":92,"minecraft:deepslate_gold_ore":10,"minecraft:lily_pad":1,"minecraft:diorite":26,"minecraft:birch_planks":1,"minecraft:coarse_dirt":10,"valhelsia_structures:metal_framed_glass_pane":4,"minecraft:mangrove_leaves":4,"snifferplus:ivy_head":2,"minecraft:coal_ore":102,"minecraft:cobweb":1,"minecraft:cracked_stone_bricks":3,"minecraft:stone_bricks":5,"minecraft:chipped_anvil":1,"minecraft:mossy_stone_bricks":4,"minecraft:gold_ore":2,"minecraft:fern":66,"paraglider:goddess_statue":1},"minecraft:dropped":{"minecraft:glass_bottle":2,"minecraft:crafting_table":1,"minecraft:jungle_planks":1,"minecraft:cracked_stone_bricks":4,"minecraft:black_banner":1,"minecraft:cod":1,"minecraft:dirt":2,"minecraft:jack_o_lantern":1,"neapolitan:strawberries":1,"alexsmobs:emu_feather":1,"minecraft:gold_nugget":9,"valhelsia_structures:metal_framed_glass_pane":8,"minecraft:stone_axe":1,"minecraft:blackstone":2,"alexsmobs:animal_dictionary":1,"minecraft:cobbled_deepslate":6,"minecraft:wheat":2,"minecraft:rotten_flesh":5,"minecraft:leather_leggings":1,"minecraft:stone_brick_stairs":1,"minecraft:golden_boots":1,"minecraft:iron_ingot":31,"minecraft:bread":29,"minecraft:wheat_seeds":7,"minecraft:feather":1,"minecraft:cobblestone":55,"minecraft:chainmail_helmet":1,"minecraft:diorite":4,"minecraft:ink_sac":6,"minecraft:torch":14,"minecraft:blackstone_wall":2,"minecraft:polished_blackstone_brick_slab":2,"minecraft:mud":2,"minecraft:string":1,"minecraft:dandelion":2,"minecraft:coarse_dirt":1,"minecraft:tuff":1,"minecraft:iron_boots":1,"minecraft:andesite":1,"minecraft:stone_bricks":4,"minecraft:wooden_pickaxe":1},"minecraft:broken":{"minecraft:iron_shovel":1,"minecraft:iron_boots":1,"minecraft:iron_chestplate":1,"minecraft:iron_leggings":1,"minecraft:iron_axe":1,"minecraft:iron_pickaxe":1,"minecraft:iron_helmet":1},"minecraft:used":{"valhelsia_structures:unlit_lantern":1,"minecraft:iron_shovel":266,"minecraft:polished_blackstone":2,"minecraft:chest":6,"minecraft:iron_sword":331,"minecraft:rotten_flesh":1,"minecraft:iron_chestplate":2,"paraglider:goddess_statue":1,"minecraft:jungle_planks":1,"minecraft:carrot":12,"minecraft:lantern":1,"minecraft:iron_helmet":1,"minecraft:stone_bricks":1,"minecraft:furnace":9,"minecraft:diorite":17,"minecraft:damaged_anvil":1,"minecraft:oak_planks":50,"minecraft:stone_pickaxe":37,"minecraft:jungle_fence":1,"minecraft:wooden_pickaxe":11,"minecraft:chainmail_helmet":1,"minecraft:golden_apple":2,"minecraft:white_wool":1,"minecraft:sand":2,"minecraft:mushroom_stew":1,"minecraft:redstone_torch":1,"neapolitan:banana_bunch":6,"minecraft:bread":151,"minecraft:soul_lantern":1,"minecraft:andesite":22,"minecraft:coarse_dirt":9,"create:limestone":72,"create:veridium":7,"tacz:gun_smith_table":3,"minecraft:spruce_planks":41,"minecraft:torch":203,"minecraft:dirt":370,"minecraft:granite":14,"minecraft:spruce_fence":2,"neapolitan:strawberry_scones":3,"minecraft:chipped_anvil":1,"minecraft:iron_axe":195,"minecraft:jungle_log":3,"minecraft:iron_boots":2,"minecraft:goat_horn":1,"minecraft:cooked_beef":22,"minecraft:cobbled_deepslate":11,"minecraft:pumpkin":1,"minecraft:brown_bed":1,"minecraft:iron_leggings":2,"minecraft:calcite":11,"minecraft:birch_planks":29,"minecraft:baked_potato":2,"minecraft:andesite_slab":4,"minecraft:crafting_table":8,"minecraft:red_bed":3,"neapolitan:banana":1,"minecraft:diamond_pickaxe":498,"minecraft:apple":1,"minecraft:diamond_shovel":118,"minecraft:iron_pickaxe":249,"minecraft:stone_axe":37,"minecraft:cobblestone":97,"minecraft:white_banner":1,"minecraft:pumpkin_pie":1,"alexsmobs:animal_dictionary":5,"minecraft:dandelion":1,"irons_spellbooks:inscription_table":1},"minecraft:custom":{"lootr:looted_stat":99,"minecraft:interact_with_crafting_table":33,"minecraft:open_barrel":3,"minecraft:eat_cake_slice":7,"minecraft:leave_game":8,"minecraft:time_since_death":36648,"minecraft:sprint_one_cm":1267001,"minecraft:drop":97,"minecraft:talked_to_villager":2,"minecraft:play_time":330948,"minecraft:deaths":5,"minecraft:jump":5930,"minecraft:walk_on_water_one_cm":87806,"minecraft:interact_with_furnace":75,"minecraft:interact_with_loom":1,"minecraft:sleep_in_bed":14,"minecraft:waystone_activated":1,"minecraft:damage_dealt":22841,"minecraft:crouch_one_cm":79747,"minecraft:interact_with_smoker":1,"minecraft:inspect_dispenser":1,"minecraft:interact_with_smithing_table":1,"minecraft:mob_kills":115,"minecraft:interact_with_anvil":1,"minecraft:interact_with_campfire":16,"minecraft:damage_dealt_resisted":189,"minecraft:climb_one_cm":30811,"minecraft:walk_one_cm":928485,"minecraft:sneak_time":24177,"minecraft:walk_under_water_one_cm":69298,"minecraft:boat_one_cm":43513,"minecraft:interact_with_blast_furnace":4,"minecraft:total_world_time":330948,"minecraft:interact_with_stonecutter":1,"minecraft:time_since_rest":23330,"minecraft:damage_taken":10048,"minecraft:damage_absorbed":2147483647,"minecraft:trigger_trapped_chest":1,"minecraft:swim_one_cm":135806,"minecraft:fly_one_cm":979574,"minecraft:open_chest":52,"minecraft:fall_one_cm":135705},"minecraft:crafted":{"minecraft:oak_planks":64,"minecraft:diamond_shovel":1,"minecraft:iron_boots":1,"minecraft:chest":7,"sophisticatedbackpacks:backpack":1,"minecraft:emerald":9,"minecraft:crafting_table":7,"minecraft:spruce_planks":60,"minecraft:wooden_pickaxe":1,"minecraft:iron_helmet":1,"minecraft:copper_ingot":128,"minecraft:hay_block":8,"minecraft:birch_planks":28,"minecraft:iron_chestplate":1,"minecraft:diamond_pickaxe":1,"minecraft:stick":60,"minecraft:iron_ingot":65,"minecraft:iron_block":1,"minecraft:gold_ingot":1,"minecraft:redstone_torch":1,"minecraft:raw_iron":45,"minecraft:coal":27,"minecraft:furnace":9,"minecraft:stone_pickaxe":1,"minecraft:wheat":239,"sophisticatedbackpacks:iron_backpack":1,"tacz:gun_smith_table":1,"sophisticatedbackpacks:gold_backpack":1,"minecraft:stone_axe":1,"minecraft:bread":83,"minecraft:air":0,"minecraft:jungle_planks":32,"minecraft:iron_leggings":1,"minecraft:acacia_planks":12,"minecraft:torch":192}},"DataVersion":3465}