{"stats":{"minecraft:broken":{"minecraft:iron_shovel":1,"minecraft:iron_boots":2,"minecraft:iron_chestplate":1,"minecraft:iron_leggings":2,"minecraft:iron_axe":1,"minecraft:iron_pickaxe":1,"minecraft:iron_helmet":2},"minecraft:killed":{"minecraft:witch":1,"minecraft:spider":7,"minecraft:skeleton":32,"alexsmobs:capuchin_monkey":4,"undead_revamp2:therod":2,"undead_revamp2:thepregnant":1,"minecraft:zombie_villager":1,"minecraft:creeper":6,"minecraft:pillager":10,"minecraft:zombie":34,"undead_revamp2:theskeeper":1,"minecraft:cow":7,"undead_revamp2:thegliter":1,"undead_revamp2:bomber":4,"undead_revamp2:thehorrors":2,"undead_revamp2:sucker":2,"minecraft:husk":4,"undead_revamp2:the_moonflower":9,"irons_spellbooks:citadel_keeper":1,"alexsmobs:emu":2,"undead_revamp2:thesomnolence":11,"alexsmobs:cockroach":1,"iceandfire:ghost":3},"minecraft:killed_by":{"alexsmobs:elephant":1,"minecraft:husk":1},"minecraft:crafted":{"minecraft:oak_planks":96,"connectedglass:clear_glass":44,"minecraft:diamond_shovel":1,"connectedglass:borderless_glass":44,"minecraft:glass":64,"minecraft:iron_boots":2,"minecraft:chest":7,"minecraft:emerald":9,"sophisticatedbackpacks:backpack":1,"minecraft:crafting_table":7,"minecraft:spruce_planks":116,"tacz:ammo_box":1,"minecraft:wooden_pickaxe":1,"minecraft:iron_helmet":2,"minecraft:copper_ingot":128,"minecraft:hay_block":8,"minecraft:birch_planks":28,"minecraft:iron_chestplate":1,"minecraft:diamond_pickaxe":1,"minecraft:stick":84,"minecraft:iron_ingot":69,"minecraft:iron_block":1,"minecraft:gold_ingot":8,"minecraft:redstone_torch":1,"minecraft:raw_iron":45,"minecraft:coal":27,"minecraft:furnace":9,"minecraft:iron_axe":1,"minecraft:stone_pickaxe":1,"minecraft:wheat":239,"sophisticatedbackpacks:iron_backpack":1,"minecraft:cooked_beef":4,"minecraft:cooked_cod":16,"tacz:gun_smith_table":1,"sophisticatedbackpacks:gold_backpack":1,"minecraft:stone_axe":1,"minecraft:bread":83,"minecraft:air":0,"minecraft:jungle_planks":32,"minecraft:iron_leggings":2,"minecraft:acacia_planks":12,"minecraft:torch":272},"minecraft:custom":{"lootr:looted_stat":105,"minecraft:interact_with_crafting_table":48,"minecraft:open_barrel":3,"minecraft:eat_cake_slice":7,"minecraft:leave_game":10,"minecraft:time_since_death":25677,"minecraft:sprint_one_cm":1710777,"minecraft:drop":125,"minecraft:talked_to_villager":3,"minecraft:play_time":475901,"minecraft:deaths":8,"minecraft:jump":9076,"minecraft:walk_on_water_one_cm":102123,"minecraft:interact_with_furnace":118,"minecraft:interact_with_loom":16,"minecraft:sleep_in_bed":24,"minecraft:waystone_activated":2,"minecraft:damage_dealt":26555,"minecraft:player_kills":1,"minecraft:crouch_one_cm":187290,"minecraft:interact_with_smoker":1,"minecraft:inspect_dispenser":1,"minecraft:interact_with_smithing_table":1,"minecraft:interact_with_anvil":1,"minecraft:mob_kills":152,"minecraft:interact_with_campfire":16,"minecraft:damage_dealt_resisted":189,"minecraft:climb_one_cm":43973,"minecraft:walk_one_cm":1375992,"minecraft:sneak_time":43751,"minecraft:walk_under_water_one_cm":82498,"minecraft:boat_one_cm":43513,"minecraft:interact_with_blast_furnace":4,"minecraft:total_world_time":475901,"minecraft:interact_with_stonecutter":17,"minecraft:time_since_rest":8195,"minecraft:damage_taken":13655,"minecraft:damage_absorbed":2147483647,"minecraft:trigger_trapped_chest":1,"minecraft:swim_one_cm":176186,"minecraft:fly_one_cm":1552403,"minecraft:open_chest":197,"minecraft:fall_one_cm":221940},"minecraft:picked_up":{"irons_spellbooks:scroll":1,"minecraft:wheat":5,"minecraft:anvil":3,"minecraft:brown_bed":1,"minecraft:stone_brick_stairs":1,"paraglider:goddess_statue":1,"minecraft:string":19,"minecraft:raw_copper":331,"create:limestone":792,"epicpaladins:bloodstone_gem":12,"neapolitan:banana_bunch":8,"alexsmobs:emu_feather":1,"minecraft:cobbled_deepslate":45,"minecraft:gold_nugget":13,"bosses_of_mass_destruction:soul_star":1,"minecraft:spruce_planks":3,"minecraft:red_dye":2,"minecraft:calcite":12,"minecraft:melon_slice":4,"minecraft:coal_block":5,"irons_spellbooks:inscription_table":1,"minecraft:polished_blackstone_brick_slab":2,"minecraft:stick":6,"iceandfire:ghost_chest":1,"minecraft:jungle_door":1,"epicpaladins:arclight_gem":5,"minecraft:torch":59,"minecraft:acacia_log":3,"tacz:attachment":1,"minecraft:diorite":25,"epicpaladins:cryorium_gem":8,"minecraft:rotten_flesh":47,"minecraft:blackstone_wall":2,"create:veridium":7,"minecraft:cod":1,"undead_revamp2:arapholia":2,"minecraft:cobblestone":271,"minecraft:birch_log":6,"minecraft:feather":1,"minecraft:cooked_beef":14,"minecraft:andesite":29,"minecraft:jungle_log":35,"paraglider:spirit_orb":8,"minecraft:tuff":9,"create:raw_zinc":1,"create:small_limestone_bricks":6,"minecraft:stripped_birch_log":1,"minecraft:dirt":755,"minecraft:lantern":1,"tacz:ammo_box":2,"bhc:red_heart":8,"minecraft:bone":61,"minecraft:chipped_anvil":1,"minecraft:stonecutter":1,"minecraft:bow":1,"minecraft:wheat_seeds":89,"valhelsia_structures:metal_framed_glass_pane":8,"minecraft:raw_gold":20,"minecraft:dark_oak_sign":2,"tacz:gun_smith_table":2,"minecraft:oak_planks":61,"create:cut_limestone_bricks":26,"irons_spellbooks:legendary_ink":1,"minecraft:jungle_planks":2,"minecraft:sand":77,"minecraft:stripped_spruce_log":7,"palladium:raw_lead":43,"minecraft:ink_sac":6,"minecraft:mossy_cobblestone":1,"create:polished_cut_limestone":2,"minecraft:diamond":3,"minecraft:lever":1,"minecraft:soul_lantern":1,"waystones:waystone":1,"minecraft:granite":31,"minecraft:bread":47,"minecraft:jack_o_lantern":1,"minecraft:oak_sapling":21,"valhelsia_structures:unlit_lantern":1,"minecraft:andesite_slab":4,"iceandfire:raw_silver":8,"minecraft:diamond_pickaxe":1,"minecraft:crafting_table":3,"minecraft:mud":2,"minecraft:coarse_dirt":10,"minecraft:leather_leggings":1,"minecraft:gold_block":1,"minecraft:red_bed":6,"minecraft:netherite_scrap":1,"tacz:ammo":240,"minecraft:iron_shovel":1,"minecraft:blackstone":2,"minecraft:cracked_stone_bricks":4,"minecraft:beef":14,"minecraft:player_head":1,"minecraft:poppy":9,"minecraft:jungle_sapling":1,"minecraft:iron_nugget":38,"minecraft:raw_iron":31,"minecraft:copper_ingot":3,"minecraft:spruce_fence":2,"minecraft:redstone":28,"minecraft:tnt":3,"minecraft:arrow":33,"minecraft:hay_block":36,"alexscaves:spelunkery_table":1,"minecraft:black_banner":1,"minecraft:polished_blackstone":2,"minecraft:glow_berries":1,"minecraft:white_wool":24,"snifferplus:stone_pine_sapling":1,"minecraft:tripwire_hook":2,"minecraft:leather":4,"minecraft:jungle_fence":1,"minecraft:birch_planks":1,"minecraft:oak_log":26,"iceandfire:ectoplasm":1,"minecraft:golden_boots":1,"minecraft:gunpowder":6,"minecraft:white_banner":1,"minecraft:apple":1,"minecraft:stone_bricks":5,"minecraft:glass_bottle":1,"irons_spellbooks:cinder_essence":1,"minecraft:book":183,"minecraft:scaffolding":1,"minecraft:smooth_basalt":1,"minecraft:emerald_block":1,"create:layered_limestone":9,"minecraft:pitcher_plant":1,"minecraft:pumpkin":1,"minecraft:dandelion":4,"minecraft:raw_iron_block":5,"minecraft:spider_eye":2,"minecraft:stripped_jungle_log":17,"minecraft:oak_wood":1,"minecraft:slime_ball":1,"tacz:modern_kinetic_gun":2,"minecraft:painting":2,"minecraft:baked_potato":2,"minecraft:damaged_anvil":1,"minecraft:coal":108},"minecraft:mined":{"undead_revamp2:arapholia":1,"create:deepslate_zinc_ore":1,"minecraft:spruce_planks":3,"irons_spellbooks:armor_pile":1,"minecraft:jungle_leaves":2,"minecraft:granite":31,"minecraft:grass_block":608,"snifferplus:fiddlefern":1,"minecraft:jungle_log":28,"minecraft:coal_block":5,"palladium:lead_ore":34,"tacz:gun_smith_table":2,"minecraft:spawner":3,"minecraft:raw_iron_block":5,"minecraft:iron_ore":16,"minecraft:cobbled_deepslate":1,"minecraft:fire":18,"minecraft:pumpkin":1,"minecraft:anvil":3,"minecraft:brown_bed":1,"create:polished_cut_limestone":2,"minecraft:dirt_path":6,"create:veridium":7,"create:limestone":792,"minecraft:tripwire":3,"create:layered_limestone":9,"minecraft:deepslate_redstone_ore":1,"minecraft:red_bed":5,"iceandfire:myrmex_resin_jungle":1,"upgrade_aquatic:tall_beachgrass":2,"valhelsia_structures:cracked_big_glazed_jar_top":1,"minecraft:torch":2,"minecraft:calcite":12,"minecraft:poppy":3,"minecraft:melon":2,"iceandfire:ghost_chest":1,"minecraft:dead_bush":1,"minecraft:cobblestone":26,"minecraft:oak_planks":2,"minecraft:damaged_anvil":1,"minecraft:wall_torch":5,"minecraft:mud":1,"minecraft:birch_log":6,"minecraft:wheat":1,"epicpaladins:deepslate_cryorium_ore":8,"minecraft:tnt":3,"minecraft:stone_brick_stairs":2,"minecraft:grass":485,"minecraft:oak_log":26,"snifferplus:stone_pine_leaves":7,"minecraft:sand":75,"minecraft:dirt":93,"upgrade_aquatic:beachgrass":1,"minecraft:smooth_basalt":1,"minecraft:stonecutter":1,"minecraft:netherrack":1,"minecraft:oak_leaves":109,"minecraft:deepslate":39,"minecraft:emerald_block":1,"alexscaves:spelunkery_table":1,"minecraft:tuff":9,"iceandfire:silver_ore":8,"minecraft:mossy_cobblestone":3,"minecraft:deepslate_diamond_ore":3,"minecraft:blackstone_wall":1,"minecraft:stripped_birch_log":1,"minecraft:dark_oak_fence":6,"minecraft:spruce_leaves":3,"minecraft:sandstone":14,"epicpaladins:deepslate_arclight_ore":5,"minecraft:hay_block":33,"minecraft:redstone_ore":5,"valhelsia_structures:cracked_big_glazed_jar":1,"minecraft:andesite":31,"minecraft:stripped_spruce_log":7,"minecraft:gold_block":1,"minecraft:bookshelf":61,"minecraft:deepslate_iron_ore":16,"minecraft:vine":9,"upgrade_aquatic:tall_pickerelweed":1,"minecraft:brain_coral_wall_fan":1,"irons_spellbooks:inscription_table":1,"minecraft:stone":214,"minecraft:podzol":6,"valhelsia_structures:unlit_lantern":1,"epicpaladins:deepslate_bloodstone_ore":12,"palladium:deepslate_lead_ore":9,"create:small_limestone_bricks":6,"minecraft:brown_carpet":9,"neapolitan:strawberry_bush":1,"create:cut_limestone_bricks":26,"minecraft:dandelion":1,"minecraft:crafting_table":2,"minecraft:oak_wood":1,"minecraft:rose_bush":1,"minecraft:andesite_slab":4,"minecraft:tall_grass":75,"minecraft:copper_ore":92,"minecraft:deepslate_gold_ore":10,"minecraft:lily_pad":1,"minecraft:diorite":26,"minecraft:birch_planks":1,"minecraft:coarse_dirt":10,"valhelsia_structures:metal_framed_glass_pane":4,"minecraft:mangrove_leaves":4,"snifferplus:ivy_head":3,"minecraft:coal_ore":108,"minecraft:cobweb":1,"minecraft:cracked_stone_bricks":3,"minecraft:stone_bricks":5,"minecraft:chipped_anvil":1,"minecraft:mossy_stone_bricks":4,"minecraft:gold_ore":10,"minecraft:fern":84,"paraglider:goddess_statue":1},"minecraft:dropped":{"minecraft:glass_bottle":2,"minecraft:crafting_table":1,"minecraft:jungle_planks":1,"minecraft:cracked_stone_bricks":4,"minecraft:black_banner":1,"minecraft:cod":1,"minecraft:dirt":15,"minecraft:jack_o_lantern":1,"neapolitan:strawberries":1,"minecraft:gold_nugget":9,"alexsmobs:emu_feather":1,"valhelsia_structures:metal_framed_glass_pane":8,"minecraft:stone_axe":1,"minecraft:blackstone":2,"alexsmobs:animal_dictionary":1,"minecraft:cobbled_deepslate":6,"minecraft:wheat":2,"minecraft:rotten_flesh":5,"minecraft:poppy":1,"minecraft:leather_leggings":1,"minecraft:stone_brick_stairs":1,"minecraft:golden_boots":1,"minecraft:iron_ingot":31,"minecraft:bread":29,"minecraft:wheat_seeds":27,"minecraft:feather":1,"minecraft:cobblestone":55,"minecraft:chainmail_helmet":1,"tacz:ammo_box":2,"minecraft:diorite":4,"minecraft:ink_sac":6,"minecraft:torch":14,"minecraft:blackstone_wall":2,"tacz:modern_kinetic_gun":1,"minecraft:polished_blackstone_brick_slab":2,"minecraft:mud":2,"minecraft:string":1,"minecraft:bucket":1,"minecraft:dandelion":2,"minecraft:coarse_dirt":1,"minecraft:tuff":1,"minecraft:iron_boots":1,"minecraft:diamond_pickaxe":1,"minecraft:andesite":1,"minecraft:stone_bricks":4,"tacz:ammo":60,"minecraft:wooden_pickaxe":1},"minecraft:used":{"valhelsia_structures:unlit_lantern":1,"minecraft:iron_shovel":269,"minecraft:polished_blackstone":2,"minecraft:chest":6,"minecraft:iron_sword":402,"lootr:trophy":1,"minecraft:rotten_flesh":7,"minecraft:iron_chestplate":2,"paraglider:goddess_statue":1,"minecraft:jungle_planks":1,"minecraft:carrot":12,"minecraft:tuff":1,"minecraft:lantern":1,"minecraft:iron_helmet":2,"minecraft:stone_bricks":1,"minecraft:furnace":9,"minecraft:cooked_cod":16,"minecraft:diorite":17,"minecraft:damaged_anvil":1,"minecraft:oak_planks":50,"minecraft:stone_pickaxe":37,"minecraft:jungle_fence":1,"minecraft:wooden_pickaxe":11,"minecraft:chainmail_helmet":1,"minecraft:golden_apple":2,"minecraft:white_wool":1,"minecraft:sand":2,"minecraft:mushroom_stew":1,"minecraft:redstone_torch":1,"waystones:waystone":1,"create:polished_cut_limestone":2,"neapolitan:banana_bunch":12,"minecraft:bread":195,"minecraft:soul_lantern":1,"minecraft:andesite":22,"minecraft:coarse_dirt":9,"create:limestone":72,"create:veridium":7,"tacz:gun_smith_table":3,"minecraft:spruce_planks":90,"minecraft:torch":302,"minecraft:dirt":411,"create:layered_limestone":9,"create:small_limestone_bricks":103,"minecraft:granite":14,"minecraft:spruce_fence":2,"create:cut_limestone_bricks":584,"neapolitan:strawberry_scones":3,"minecraft:chipped_anvil":1,"minecraft:iron_axe":209,"minecraft:jungle_log":3,"minecraft:iron_boots":2,"alexscaves:spelunkery_table":1,"minecraft:goat_horn":2,"undead_revamp2:arapholia":1,"minecraft:cooked_beef":26,"minecraft:cobbled_deepslate":13,"minecraft:pumpkin":1,"minecraft:brown_bed":1,"minecraft:iron_leggings":2,"minecraft:calcite":11,"minecraft:birch_planks":29,"minecraft:baked_potato":2,"minecraft:andesite_slab":4,"minecraft:stonecutter":1,"connectedglass:clear_glass":44,"minecraft:crafting_table":8,"minecraft:red_bed":6,"neapolitan:banana":11,"minecraft:spruce_log":7,"minecraft:diamond_pickaxe":1360,"minecraft:apple":1,"minecraft:diamond_shovel":497,"minecraft:iron_pickaxe":249,"minecraft:stone_axe":37,"minecraft:cobblestone":102,"minecraft:white_banner":1,"minecraft:pumpkin_pie":3,"alexsmobs:animal_dictionary":5,"minecraft:dandelion":1,"irons_spellbooks:inscription_table":1}},"DataVersion":3465}