{"stats":{"minecraft:crafted":{"minecraft:oak_planks":40,"sophisticatedbackpacks:backpack":1,"minecraft:crafting_table":3,"minecraft:spruce_planks":60,"minecraft:wooden_pickaxe":1,"minecraft:birch_planks":28,"minecraft:stone_axe":1,"minecraft:diamond_pickaxe":1,"minecraft:stick":12,"minecraft:stone_pickaxe":1,"minecraft:chest":1},"minecraft:picked_up":{"minecraft:birch_log":6,"minecraft:coarse_dirt":10,"minecraft:crafting_table":2,"minecraft:wheat":1,"minecraft:cooked_beef":14,"minecraft:anvil":3,"minecraft:leather":4,"minecraft:brown_bed":1,"minecraft:birch_planks":1,"minecraft:stone_brick_stairs":1,"minecraft:oak_log":9,"iceandfire:ectoplasm":1,"minecraft:stripped_birch_log":1,"minecraft:string":4,"minecraft:dirt":25,"minecraft:red_bed":1,"minecraft:chipped_anvil":1,"minecraft:apple":1,"minecraft:stone_bricks":3,"minecraft:cracked_stone_bricks":4,"minecraft:wheat_seeds":2,"valhelsia_structures:metal_framed_glass_pane":8,"minecraft:spruce_planks":1,"minecraft:beef":14,"minecraft:dark_oak_sign":2,"minecraft:melon_slice":4,"minecraft:coal_block":3,"minecraft:book":6,"minecraft:raw_iron":3,"minecraft:pumpkin":1,"minecraft:torch":14,"minecraft:dandelion":1,"minecraft:raw_iron_block":5,"minecraft:oak_wood":1,"minecraft:rotten_flesh":6,"minecraft:hay_block":11,"minecraft:baked_potato":2,"minecraft:damaged_anvil":1,"minecraft:andesite_slab":1,"minecraft:cobblestone":17},"minecraft:used":{"minecraft:damaged_anvil":1,"minecraft:birch_planks":29,"minecraft:stone_pickaxe":37,"minecraft:andesite_slab":1,"minecraft:baked_potato":2,"minecraft:spruce_planks":24,"minecraft:wooden_pickaxe":11,"minecraft:chainmail_helmet":1,"minecraft:rotten_flesh":1,"minecraft:iron_chestplate":1,"minecraft:torch":1,"minecraft:dirt":22,"minecraft:crafting_table":3,"minecraft:carrot":12,"neapolitan:strawberry_scones":3,"minecraft:diamond_pickaxe":4,"minecraft:apple":1,"minecraft:chipped_anvil":1,"minecraft:iron_axe":27,"minecraft:bread":1,"minecraft:iron_boots":1,"minecraft:stone_axe":37,"minecraft:goat_horn":1,"minecraft:pumpkin_pie":1,"alexsmobs:animal_dictionary":5,"minecraft:pumpkin":1,"minecraft:cooked_beef":13,"minecraft:coarse_dirt":9,"minecraft:iron_leggings":1,"minecraft:brown_bed":1},"minecraft:killed":{"minecraft:witch":1,"undead_revamp2:the_moonflower":1,"minecraft:zombie":1,"minecraft:cow":7},"minecraft:dropped":{"minecraft:stone_axe":1,"minecraft:wheat_seeds":2,"alexsmobs:animal_dictionary":1,"minecraft:coarse_dirt":1,"minecraft:crafting_table":1,"minecraft:wheat":1,"minecraft:rotten_flesh":5,"minecraft:iron_boots":1,"minecraft:cracked_stone_bricks":4,"minecraft:chainmail_helmet":1,"minecraft:dirt":2,"minecraft:torch":14,"neapolitan:strawberries":1,"minecraft:stone_bricks":3,"minecraft:wooden_pickaxe":1,"minecraft:stone_brick_stairs":1,"valhelsia_structures:metal_framed_glass_pane":8},"minecraft:custom":{"minecraft:interact_with_smithing_table":1,"lootr:looted_stat":28,"minecraft:interact_with_anvil":1,"minecraft:mob_kills":10,"minecraft:interact_with_crafting_table":9,"minecraft:open_barrel":2,"minecraft:interact_with_campfire":16,"minecraft:eat_cake_slice":7,"minecraft:time_since_death":18792,"minecraft:sleep_in_bed":6,"minecraft:climb_one_cm":9251,"minecraft:time_since_rest":6620,"minecraft:damage_absorbed":677,"minecraft:sprint_one_cm":216293,"minecraft:damage_taken":1664,"minecraft:walk_one_cm":136638,"minecraft:drop":28,"minecraft:damage_dealt":1879,"minecraft:swim_one_cm":13260,"minecraft:fly_one_cm":240224,"minecraft:crouch_one_cm":15877,"minecraft:play_time":53552,"minecraft:deaths":1,"minecraft:sneak_time":4385,"minecraft:walk_under_water_one_cm":3046,"minecraft:boat_one_cm":43513,"minecraft:jump":1339,"minecraft:interact_with_blast_furnace":1,"minecraft:walk_on_water_one_cm":5631,"minecraft:total_world_time":53552,"minecraft:fall_one_cm":42291},"minecraft:mined":{"undead_revamp2:arapholia":1,"minecraft:podzol":6,"minecraft:tuff":1,"minecraft:spruce_planks":1,"minecraft:red_bed":1,"irons_spellbooks:armor_pile":1,"minecraft:stripped_birch_log":1,"minecraft:brown_carpet":9,"neapolitan:strawberry_bush":1,"minecraft:dandelion":1,"minecraft:crafting_table":2,"minecraft:dark_oak_fence":6,"minecraft:oak_wood":1,"minecraft:grass_block":11,"minecraft:melon":2,"minecraft:rose_bush":1,"minecraft:andesite_slab":3,"minecraft:tall_grass":9,"minecraft:coal_block":3,"minecraft:spruce_leaves":3,"minecraft:damaged_anvil":1,"minecraft:hay_block":12,"minecraft:birch_planks":1,"minecraft:coarse_dirt":10,"minecraft:raw_iron_block":5,"minecraft:birch_log":6,"minecraft:iron_ore":3,"minecraft:wheat":1,"valhelsia_structures:metal_framed_glass_pane":4,"minecraft:pumpkin":1,"minecraft:anvil":3,"minecraft:stone_brick_stairs":2,"minecraft:brown_bed":1,"minecraft:grass":32,"minecraft:bookshelf":2,"minecraft:oak_log":9,"minecraft:dirt_path":5,"minecraft:dirt":3,"minecraft:cracked_stone_bricks":3,"minecraft:stone_bricks":2,"minecraft:stone":17,"minecraft:chipped_anvil":1,"minecraft:oak_leaves":5,"minecraft:fern":2}},"DataVersion":3465}