{"stats":{"minecraft:picked_up":{"irons_spellbooks:scroll":1,"minecraft:coarse_dirt":10,"minecraft:crafting_table":2,"minecraft:wheat":1,"minecraft:anvil":3,"minecraft:brown_bed":1,"minecraft:stone_brick_stairs":1,"minecraft:string":4,"minecraft:red_bed":2,"minecraft:netherite_scrap":1,"minecraft:blackstone":2,"minecraft:cracked_stone_bricks":4,"minecraft:spruce_planks":3,"minecraft:beef":14,"minecraft:iron_nugget":38,"minecraft:melon_slice":4,"minecraft:coal_block":3,"irons_spellbooks:inscription_table":1,"minecraft:polished_blackstone_brick_slab":2,"minecraft:raw_iron":3,"minecraft:torch":15,"minecraft:tnt":3,"minecraft:arrow":7,"minecraft:rotten_flesh":6,"minecraft:blackstone_wall":2,"minecraft:hay_block":15,"minecraft:black_banner":1,"minecraft:polished_blackstone":2,"minecraft:cobblestone":17,"minecraft:white_wool":24,"minecraft:birch_log":6,"minecraft:cooked_beef":14,"minecraft:leather":4,"minecraft:birch_planks":1,"paraglider:spirit_orb":4,"minecraft:tuff":1,"minecraft:oak_log":9,"iceandfire:ectoplasm":1,"minecraft:dirt":25,"minecraft:stripped_birch_log":1,"minecraft:bone":7,"minecraft:chipped_anvil":1,"minecraft:apple":1,"minecraft:stone_bricks":5,"minecraft:wheat_seeds":2,"valhelsia_structures:metal_framed_glass_pane":8,"minecraft:dark_oak_sign":2,"irons_spellbooks:cinder_essence":1,"minecraft:oak_planks":61,"minecraft:book":96,"minecraft:pumpkin":1,"irons_spellbooks:legendary_ink":1,"minecraft:dandelion":1,"minecraft:raw_iron_block":5,"minecraft:jungle_planks":1,"minecraft:ink_sac":6,"minecraft:oak_wood":1,"minecraft:lever":1,"minecraft:baked_potato":2,"minecraft:jack_o_lantern":1,"minecraft:damaged_anvil":1,"minecraft:andesite_slab":4},"minecraft:custom":{"minecraft:interact_with_smithing_table":1,"lootr:looted_stat":60,"minecraft:mob_kills":17,"minecraft:interact_with_anvil":1,"minecraft:interact_with_crafting_table":13,"minecraft:open_barrel":3,"minecraft:interact_with_campfire":16,"minecraft:eat_cake_slice":7,"minecraft:leave_game":2,"minecraft:time_since_death":61429,"minecraft:climb_one_cm":14672,"minecraft:sprint_one_cm":537699,"minecraft:walk_one_cm":271182,"minecraft:drop":37,"minecraft:play_time":96189,"minecraft:deaths":1,"minecraft:sneak_time":5924,"minecraft:walk_under_water_one_cm":12519,"minecraft:boat_one_cm":43513,"minecraft:jump":1851,"minecraft:interact_with_blast_furnace":2,"minecraft:walk_on_water_one_cm":25520,"minecraft:total_world_time":96189,"minecraft:interact_with_furnace":2,"minecraft:sleep_in_bed":7,"minecraft:time_since_rest":3829,"minecraft:damage_taken":3402,"minecraft:damage_absorbed":1226,"minecraft:damage_dealt":4237,"minecraft:swim_one_cm":22242,"minecraft:fly_one_cm":327983,"minecraft:crouch_one_cm":20943,"minecraft:fall_one_cm":52510,"minecraft:inspect_dispenser":1},"minecraft:used":{"minecraft:polished_blackstone":2,"minecraft:spruce_planks":41,"minecraft:rotten_flesh":1,"minecraft:iron_chestplate":1,"minecraft:torch":4,"minecraft:dirt":22,"minecraft:carrot":12,"neapolitan:strawberry_scones":3,"minecraft:chipped_anvil":1,"minecraft:iron_axe":104,"minecraft:iron_boots":1,"minecraft:stone_bricks":1,"minecraft:goat_horn":1,"minecraft:cooked_beef":22,"minecraft:pumpkin":1,"minecraft:brown_bed":1,"minecraft:iron_leggings":1,"minecraft:damaged_anvil":1,"minecraft:birch_planks":29,"minecraft:baked_potato":2,"minecraft:stone_pickaxe":37,"minecraft:oak_planks":50,"minecraft:andesite_slab":4,"minecraft:wooden_pickaxe":11,"minecraft:chainmail_helmet":1,"minecraft:white_wool":1,"minecraft:golden_apple":2,"minecraft:crafting_table":4,"minecraft:red_bed":1,"minecraft:redstone_torch":1,"minecraft:diamond_pickaxe":10,"minecraft:apple":1,"minecraft:bread":20,"minecraft:stone_axe":37,"minecraft:pumpkin_pie":1,"alexsmobs:animal_dictionary":5,"minecraft:coarse_dirt":9},"minecraft:dropped":{"minecraft:wheat_seeds":2,"minecraft:crafting_table":1,"minecraft:cracked_stone_bricks":4,"minecraft:black_banner":1,"minecraft:chainmail_helmet":1,"minecraft:dirt":2,"minecraft:ink_sac":6,"minecraft:torch":14,"minecraft:blackstone_wall":2,"minecraft:jack_o_lantern":1,"neapolitan:strawberries":1,"minecraft:polished_blackstone_brick_slab":2,"valhelsia_structures:metal_framed_glass_pane":8,"minecraft:dandelion":1,"minecraft:stone_axe":1,"minecraft:blackstone":2,"minecraft:coarse_dirt":1,"alexsmobs:animal_dictionary":1,"minecraft:tuff":1,"minecraft:wheat":1,"minecraft:rotten_flesh":5,"minecraft:iron_boots":1,"minecraft:stone_bricks":4,"minecraft:wooden_pickaxe":1,"minecraft:stone_brick_stairs":1},"minecraft:crafted":{"minecraft:oak_planks":40,"minecraft:stone_pickaxe":1,"minecraft:chest":1,"sophisticatedbackpacks:iron_backpack":1,"sophisticatedbackpacks:backpack":1,"minecraft:crafting_table":4,"minecraft:spruce_planks":60,"minecraft:wooden_pickaxe":1,"minecraft:birch_planks":28,"minecraft:stone_axe":1,"minecraft:diamond_pickaxe":1,"minecraft:stick":12,"minecraft:redstone_torch":1},"minecraft:mined":{"undead_revamp2:arapholia":1,"minecraft:tuff":1,"minecraft:spruce_planks":3,"minecraft:blackstone_wall":1,"irons_spellbooks:armor_pile":1,"minecraft:stripped_birch_log":1,"minecraft:dark_oak_fence":6,"minecraft:grass_block":11,"minecraft:coal_block":3,"minecraft:spruce_leaves":3,"minecraft:spawner":1,"minecraft:hay_block":12,"minecraft:raw_iron_block":5,"minecraft:iron_ore":3,"minecraft:pumpkin":1,"minecraft:anvil":3,"minecraft:brown_bed":1,"minecraft:bookshelf":32,"minecraft:dirt_path":5,"minecraft:brain_coral_wall_fan":1,"irons_spellbooks:inscription_table":1,"minecraft:stone":17,"minecraft:podzol":6,"minecraft:red_bed":2,"minecraft:brown_carpet":9,"neapolitan:strawberry_bush":1,"minecraft:dandelion":1,"minecraft:crafting_table":2,"minecraft:oak_wood":1,"minecraft:melon":2,"minecraft:rose_bush":1,"minecraft:andesite_slab":4,"minecraft:tall_grass":11,"minecraft:oak_planks":2,"minecraft:damaged_anvil":1,"minecraft:birch_planks":1,"minecraft:coarse_dirt":10,"minecraft:birch_log":6,"minecraft:wheat":1,"valhelsia_structures:metal_framed_glass_pane":4,"minecraft:tnt":3,"minecraft:stone_brick_stairs":2,"minecraft:grass":39,"minecraft:oak_log":9,"minecraft:dirt":3,"minecraft:cracked_stone_bricks":3,"minecraft:stone_bricks":3,"minecraft:chipped_anvil":1,"minecraft:oak_leaves":5,"minecraft:fern":2},"minecraft:killed":{"minecraft:witch":1,"minecraft:skeleton":2,"undead_revamp2:the_moonflower":1,"irons_spellbooks:citadel_keeper":1,"minecraft:pillager":2,"minecraft:zombie":2,"minecraft:cow":7}},"DataVersion":3465}