{"stats":{"minecraft:killed":{"minecraft:witch":1,"minecraft:spider":2,"minecraft:skeleton":14,"alexsmobs:capuchin_monkey":4,"undead_revamp2:therod":1,"minecraft:creeper":2,"minecraft:pillager":10,"minecraft:zombie":21,"minecraft:cow":7,"undead_revamp2:thehorrors":1,"undead_revamp2:the_moonflower":7,"irons_spellbooks:citadel_keeper":1,"alexsmobs:emu":2,"undead_revamp2:thesomnolence":2,"alexsmobs:cockroach":1,"iceandfire:ghost":3},"minecraft:picked_up":{"irons_spellbooks:scroll":1,"minecraft:wheat":5,"minecraft:anvil":3,"minecraft:brown_bed":1,"minecraft:stone_brick_stairs":1,"paraglider:goddess_statue":1,"minecraft:string":9,"create:limestone":63,"minecraft:raw_copper":331,"epicpaladins:bloodstone_gem":6,"neapolitan:banana_bunch":6,"alexsmobs:emu_feather":1,"minecraft:gold_nugget":9,"minecraft:cobbled_deepslate":14,"minecraft:spruce_planks":3,"minecraft:calcite":11,"minecraft:melon_slice":4,"minecraft:coal_block":3,"irons_spellbooks:inscription_table":1,"minecraft:polished_blackstone_brick_slab":2,"minecraft:stick":6,"iceandfire:ghost_chest":1,"minecraft:jungle_door":1,"minecraft:torch":23,"minecraft:acacia_log":3,"minecraft:diorite":21,"minecraft:rotten_flesh":25,"epicpaladins:cryorium_gem":2,"minecraft:blackstone_wall":2,"create:veridium":4,"undead_revamp2:arapholia":1,"minecraft:cod":1,"minecraft:cobblestone":257,"minecraft:birch_log":6,"minecraft:feather":1,"minecraft:cooked_beef":14,"minecraft:andesite":9,"minecraft:jungle_log":34,"paraglider:spirit_orb":4,"minecraft:tuff":8,"create:raw_zinc":1,"minecraft:dirt":409,"minecraft:stripped_birch_log":1,"minecraft:lantern":1,"bhc:red_heart":4,"minecraft:bone":38,"minecraft:chipped_anvil":1,"minecraft:wheat_seeds":46,"valhelsia_structures:metal_framed_glass_pane":8,"minecraft:raw_gold":4,"minecraft:dark_oak_sign":2,"minecraft:oak_planks":61,"irons_spellbooks:legendary_ink":1,"minecraft:jungle_planks":2,"minecraft:sand":8,"palladium:raw_lead":27,"minecraft:ink_sac":6,"minecraft:mossy_cobblestone":1,"minecraft:soul_lantern":1,"minecraft:lever":1,"minecraft:granite":17,"minecraft:bread":10,"minecraft:jack_o_lantern":1,"minecraft:oak_sapling":21,"iceandfire:raw_silver":8,"valhelsia_structures:unlit_lantern":1,"minecraft:andesite_slab":4,"minecraft:crafting_table":3,"minecraft:mud":2,"minecraft:coarse_dirt":10,"minecraft:leather_leggings":1,"minecraft:red_bed":3,"minecraft:netherite_scrap":1,"minecraft:blackstone":2,"minecraft:cracked_stone_bricks":4,"minecraft:beef":14,"minecraft:player_head":1,"minecraft:poppy":8,"minecraft:jungle_sapling":1,"minecraft:iron_nugget":38,"minecraft:raw_iron":14,"minecraft:copper_ingot":1,"minecraft:spruce_fence":2,"minecraft:tnt":3,"minecraft:arrow":14,"minecraft:hay_block":15,"minecraft:black_banner":1,"minecraft:polished_blackstone":2,"minecraft:white_wool":24,"minecraft:leather":4,"minecraft:jungle_fence":1,"minecraft:birch_planks":1,"minecraft:oak_log":26,"iceandfire:ectoplasm":1,"minecraft:white_banner":1,"minecraft:apple":1,"minecraft:stone_bricks":5,"minecraft:glass_bottle":1,"irons_spellbooks:cinder_essence":1,"minecraft:book":183,"minecraft:scaffolding":1,"minecraft:emerald_block":1,"minecraft:pumpkin":1,"minecraft:dandelion":3,"minecraft:raw_iron_block":5,"minecraft:stripped_jungle_log":17,"minecraft:oak_wood":1,"minecraft:baked_potato":2,"minecraft:damaged_anvil":1,"minecraft:coal":102},"minecraft:mined":{"undead_revamp2:arapholia":1,"create:deepslate_zinc_ore":1,"minecraft:spruce_planks":3,"irons_spellbooks:armor_pile":1,"minecraft:jungle_leaves":2,"minecraft:granite":17,"minecraft:grass_block":322,"minecraft:jungle_log":28,"minecraft:coal_block":3,"palladium:lead_ore":27,"minecraft:spawner":1,"minecraft:raw_iron_block":5,"minecraft:iron_ore":9,"minecraft:fire":7,"minecraft:pumpkin":1,"minecraft:anvil":3,"minecraft:brown_bed":1,"minecraft:dirt_path":6,"create:veridium":4,"create:limestone":63,"minecraft:tripwire":3,"minecraft:red_bed":3,"iceandfire:myrmex_resin_jungle":1,"upgrade_aquatic:tall_beachgrass":2,"valhelsia_structures:cracked_big_glazed_jar_top":1,"minecraft:calcite":11,"minecraft:poppy":2,"minecraft:melon":2,"iceandfire:ghost_chest":1,"minecraft:dead_bush":1,"minecraft:cobblestone":18,"minecraft:oak_planks":2,"minecraft:damaged_anvil":1,"minecraft:wall_torch":5,"minecraft:mud":1,"minecraft:birch_log":6,"minecraft:wheat":1,"epicpaladins:deepslate_cryorium_ore":2,"minecraft:tnt":3,"minecraft:stone_brick_stairs":2,"minecraft:grass":317,"minecraft:oak_log":26,"minecraft:sand":6,"minecraft:dirt":63,"upgrade_aquatic:beachgrass":1,"minecraft:netherrack":1,"minecraft:oak_leaves":109,"minecraft:deepslate":9,"minecraft:emerald_block":1,"minecraft:tuff":8,"iceandfire:silver_ore":8,"minecraft:mossy_cobblestone":3,"minecraft:blackstone_wall":1,"minecraft:stripped_birch_log":1,"minecraft:dark_oak_fence":6,"minecraft:spruce_leaves":3,"minecraft:sandstone":14,"minecraft:hay_block":12,"valhelsia_structures:cracked_big_glazed_jar":1,"minecraft:andesite":11,"minecraft:bookshelf":61,"minecraft:deepslate_iron_ore":6,"minecraft:vine":8,"upgrade_aquatic:tall_pickerelweed":1,"minecraft:brain_coral_wall_fan":1,"irons_spellbooks:inscription_table":1,"minecraft:stone":207,"minecraft:podzol":6,"valhelsia_structures:unlit_lantern":1,"epicpaladins:deepslate_bloodstone_ore":6,"minecraft:brown_carpet":9,"neapolitan:strawberry_bush":1,"minecraft:dandelion":1,"minecraft:crafting_table":2,"minecraft:oak_wood":1,"minecraft:rose_bush":1,"minecraft:andesite_slab":4,"minecraft:tall_grass":25,"minecraft:copper_ore":92,"minecraft:deepslate_gold_ore":2,"minecraft:lily_pad":1,"minecraft:diorite":22,"minecraft:birch_planks":1,"minecraft:coarse_dirt":10,"valhelsia_structures:metal_framed_glass_pane":4,"minecraft:mangrove_leaves":4,"snifferplus:ivy_head":2,"minecraft:coal_ore":102,"minecraft:cobweb":1,"minecraft:cracked_stone_bricks":3,"minecraft:stone_bricks":5,"minecraft:mossy_stone_bricks":4,"minecraft:chipped_anvil":1,"minecraft:gold_ore":2,"minecraft:fern":66,"paraglider:goddess_statue":1},"minecraft:dropped":{"minecraft:glass_bottle":2,"minecraft:crafting_table":1,"minecraft:jungle_planks":1,"minecraft:cracked_stone_bricks":4,"minecraft:black_banner":1,"minecraft:cod":1,"minecraft:dirt":2,"minecraft:jack_o_lantern":1,"neapolitan:strawberries":1,"alexsmobs:emu_feather":1,"minecraft:gold_nugget":9,"valhelsia_structures:metal_framed_glass_pane":8,"minecraft:stone_axe":1,"minecraft:blackstone":2,"alexsmobs:animal_dictionary":1,"minecraft:cobbled_deepslate":6,"minecraft:wheat":2,"minecraft:rotten_flesh":5,"minecraft:leather_leggings":1,"minecraft:stone_brick_stairs":1,"minecraft:iron_ingot":31,"minecraft:bread":29,"minecraft:wheat_seeds":7,"minecraft:feather":1,"minecraft:cobblestone":55,"minecraft:chainmail_helmet":1,"minecraft:diorite":4,"minecraft:ink_sac":6,"minecraft:torch":14,"minecraft:blackstone_wall":2,"minecraft:polished_blackstone_brick_slab":2,"minecraft:mud":2,"minecraft:string":1,"minecraft:dandelion":2,"minecraft:coarse_dirt":1,"minecraft:tuff":1,"minecraft:iron_boots":1,"minecraft:andesite":1,"minecraft:stone_bricks":4,"minecraft:wooden_pickaxe":1},"minecraft:broken":{"minecraft:iron_shovel":1,"minecraft:iron_boots":1,"minecraft:iron_chestplate":1,"minecraft:iron_leggings":1,"minecraft:iron_axe":1,"minecraft:iron_pickaxe":1,"minecraft:iron_helmet":1},"minecraft:used":{"valhelsia_structures:unlit_lantern":1,"minecraft:iron_shovel":266,"minecraft:polished_blackstone":2,"minecraft:chest":2,"minecraft:iron_sword":226,"minecraft:rotten_flesh":1,"minecraft:iron_chestplate":2,"paraglider:goddess_statue":1,"minecraft:jungle_planks":1,"minecraft:carrot":12,"minecraft:lantern":1,"minecraft:iron_helmet":1,"minecraft:stone_bricks":1,"minecraft:furnace":9,"minecraft:diorite":17,"minecraft:damaged_anvil":1,"minecraft:oak_planks":50,"minecraft:stone_pickaxe":37,"minecraft:jungle_fence":1,"minecraft:wooden_pickaxe":11,"minecraft:chainmail_helmet":1,"minecraft:golden_apple":2,"minecraft:white_wool":1,"minecraft:sand":2,"minecraft:mushroom_stew":1,"minecraft:redstone_torch":1,"neapolitan:banana_bunch":2,"minecraft:bread":127,"minecraft:soul_lantern":1,"minecraft:andesite":8,"minecraft:coarse_dirt":9,"create:limestone":62,"create:veridium":2,"minecraft:spruce_planks":41,"minecraft:torch":157,"minecraft:dirt":370,"minecraft:spruce_fence":2,"minecraft:granite":14,"neapolitan:strawberry_scones":3,"minecraft:chipped_anvil":1,"minecraft:iron_axe":195,"minecraft:jungle_log":3,"minecraft:iron_boots":2,"minecraft:goat_horn":1,"minecraft:cooked_beef":22,"minecraft:pumpkin":1,"minecraft:iron_leggings":2,"minecraft:brown_bed":1,"minecraft:calcite":11,"minecraft:birch_planks":29,"minecraft:baked_potato":2,"minecraft:andesite_slab":4,"minecraft:crafting_table":8,"minecraft:red_bed":3,"neapolitan:banana":1,"minecraft:diamond_pickaxe":405,"minecraft:apple":1,"minecraft:diamond_shovel":116,"minecraft:iron_pickaxe":249,"minecraft:stone_axe":37,"minecraft:cobblestone":90,"minecraft:white_banner":1,"minecraft:pumpkin_pie":1,"alexsmobs:animal_dictionary":5,"minecraft:dandelion":1,"irons_spellbooks:inscription_table":1},"minecraft:custom":{"lootr:looted_stat":98,"minecraft:interact_with_crafting_table":27,"minecraft:open_barrel":3,"minecraft:eat_cake_slice":7,"minecraft:leave_game":6,"minecraft:time_since_death":26315,"minecraft:sprint_one_cm":1167363,"minecraft:drop":96,"minecraft:talked_to_villager":2,"minecraft:play_time":279327,"minecraft:deaths":4,"minecraft:jump":5080,"minecraft:walk_on_water_one_cm":73931,"minecraft:interact_with_furnace":51,"minecraft:sleep_in_bed":13,"minecraft:waystone_activated":1,"minecraft:damage_dealt":17022,"minecraft:crouch_one_cm":70460,"minecraft:interact_with_smoker":1,"minecraft:inspect_dispenser":1,"minecraft:interact_with_smithing_table":1,"minecraft:mob_kills":81,"minecraft:interact_with_anvil":1,"minecraft:interact_with_campfire":16,"minecraft:damage_dealt_resisted":154,"minecraft:climb_one_cm":29151,"minecraft:walk_one_cm":792321,"minecraft:sneak_time":21082,"minecraft:walk_under_water_one_cm":57802,"minecraft:boat_one_cm":43513,"minecraft:interact_with_blast_furnace":2,"minecraft:total_world_time":279327,"minecraft:interact_with_stonecutter":1,"minecraft:time_since_rest":19200,"minecraft:damage_taken":8664,"minecraft:damage_absorbed":2147483647,"minecraft:trigger_trapped_chest":1,"minecraft:swim_one_cm":134407,"minecraft:fly_one_cm":885380,"minecraft:open_chest":17,"minecraft:fall_one_cm":121654},"minecraft:crafted":{"minecraft:oak_planks":48,"minecraft:diamond_shovel":1,"minecraft:iron_boots":1,"minecraft:chest":3,"sophisticatedbackpacks:backpack":1,"minecraft:emerald":9,"minecraft:crafting_table":7,"minecraft:spruce_planks":60,"minecraft:wooden_pickaxe":1,"minecraft:iron_helmet":1,"minecraft:hay_block":8,"minecraft:birch_planks":28,"minecraft:iron_chestplate":1,"minecraft:diamond_pickaxe":1,"minecraft:stick":44,"minecraft:iron_ingot":54,"minecraft:redstone_torch":1,"minecraft:raw_iron":45,"minecraft:coal":27,"minecraft:furnace":9,"minecraft:stone_pickaxe":1,"minecraft:wheat":239,"sophisticatedbackpacks:iron_backpack":1,"minecraft:stone_axe":1,"minecraft:bread":83,"minecraft:air":0,"minecraft:jungle_planks":24,"minecraft:iron_leggings":1,"minecraft:acacia_planks":12,"minecraft:torch":140}},"DataVersion":3465}