{"stats":{"minecraft:crafted":{"minecraft:oak_planks":16,"minecraft:crafting_table":1,"minecraft:stick":8,"minecraft:wooden_pickaxe":1,"minecraft:stone_pickaxe":1,"minecraft:stone_axe":1},"minecraft:picked_up":{"minecraft:birch_log":6,"minecraft:raw_iron":3,"minecraft:crafting_table":1,"minecraft:anvil":3,"minecraft:leather":4,"minecraft:raw_iron_block":5,"minecraft:brown_bed":1,"minecraft:oak_log":9,"minecraft:red_bed":1,"minecraft:dirt":2,"minecraft:chipped_anvil":1,"minecraft:apple":1,"valhelsia_structures:metal_framed_glass_pane":4,"minecraft:beef":14,"minecraft:hay_block":6,"minecraft:dark_oak_sign":2,"minecraft:damaged_anvil":1,"minecraft:coal_block":3,"minecraft:cobblestone":17},"minecraft:used":{"neapolitan:strawberry_scones":1,"minecraft:damaged_anvil":1,"minecraft:chipped_anvil":1,"minecraft:apple":1,"minecraft:bread":1,"minecraft:stone_pickaxe":26,"minecraft:wooden_pickaxe":11,"minecraft:chainmail_helmet":1,"minecraft:iron_boots":1,"minecraft:stone_axe":21,"minecraft:iron_chestplate":1,"minecraft:dirt":1,"minecraft:crafting_table":1,"minecraft:carrot":2,"minecraft:iron_leggings":1,"minecraft:brown_bed":1},"minecraft:killed":{"minecraft:cow":7},"minecraft:dropped":{"minecraft:wooden_pickaxe":1},"minecraft:mined":{"minecraft:hay_block":6,"minecraft:raw_iron_block":5,"minecraft:red_bed":1,"minecraft:iron_ore":3,"minecraft:birch_log":6,"valhelsia_structures:metal_framed_glass_pane":4,"minecraft:anvil":3,"minecraft:brown_bed":1,"minecraft:crafting_table":1,"minecraft:grass":11,"minecraft:grass_block":2,"minecraft:oak_log":9,"minecraft:rose_bush":1,"minecraft:coal_block":3,"minecraft:stone":17,"minecraft:damaged_anvil":1,"minecraft:chipped_anvil":1,"minecraft:oak_leaves":4},"minecraft:custom":{"minecraft:time_since_rest":11552,"minecraft:interact_with_smithing_table":1,"lootr:looted_stat":5,"minecraft:sprint_one_cm":41578,"minecraft:damage_taken":204,"minecraft:walk_one_cm":30968,"minecraft:mob_kills":7,"minecraft:interact_with_anvil":1,"minecraft:drop":1,"minecraft:damage_dealt":849,"minecraft:interact_with_crafting_table":3,"minecraft:swim_one_cm":6395,"minecraft:fly_one_cm":36037,"minecraft:open_barrel":2,"minecraft:crouch_one_cm":2041,"minecraft:play_time":11552,"minecraft:sneak_time":921,"minecraft:walk_under_water_one_cm":917,"minecraft:jump":221,"minecraft:eat_cake_slice":7,"minecraft:interact_with_blast_furnace":1,"minecraft:walk_on_water_one_cm":1078,"minecraft:time_since_death":11552,"minecraft:climb_one_cm":1257,"minecraft:total_world_time":11552,"minecraft:fall_one_cm":4230}},"DataVersion":3465}