{"stats":{"minecraft:killed_by":{"minecraft:pillager":1},"minecraft:killed":{"minecraft:pillager":1},"minecraft:mined":{"iceandfire:silver_ore":1,"minecraft:crafting_table":2,"minecraft:grass":1,"minecraft:oak_log":5},"minecraft:picked_up":{"minecraft:crafting_table":1,"minecraft:oak_log":5,"neapolitan:banana":1,"minecraft:bone":17,"minecraft:rotten_flesh":1,"minecraft:slime_ball":4,"minecraft:iron_ingot":43,"iceandfire:raw_silver":1},"minecraft:dropped":{"minecraft:minecart":1},"minecraft:used":{"minecraft:oak_log":1,"minecraft:iron_axe":2,"minecraft:iron_pickaxe":1,"minecraft:iron_sword":8,"minecraft:iron_boots":1,"minecraft:iron_chestplate":1,"minecraft:crafting_table":2,"alexsmobs:animal_dictionary":9},"minecraft:custom":{"minecraft:time_since_rest":6503,"minecraft:sprint_one_cm":23704,"minecraft:damage_absorbed":85,"minecraft:damage_taken":216,"minecraft:walk_one_cm":33952,"minecraft:mob_kills":1,"minecraft:drop":1,"minecraft:damage_dealt":357,"minecraft:interact_with_crafting_table":6,"minecraft:fly_one_cm":19481,"minecraft:crouch_one_cm":1265,"minecraft:play_time":12882,"minecraft:deaths":1,"minecraft:sneak_time":378,"minecraft:jump":119,"minecraft:time_since_death":6458,"minecraft:sleep_in_bed":1,"minecraft:climb_one_cm":727,"minecraft:total_world_time":12882,"minecraft:fall_one_cm":687},"minecraft:crafted":{"minecraft:oak_planks":16,"minecraft:iron_boots":1,"minecraft:shield":1,"minecraft:iron_axe":1,"minecraft:crafting_table":1,"minecraft:stick":8,"minecraft:iron_pickaxe":1,"minecraft:iron_helmet":1,"minecraft:iron_sword":1,"minecraft:iron_leggings":1,"minecraft:bucket":1,"minecraft:minecart":1}},"DataVersion":3465}