{"stats":{"minecraft:killed_by":{"minecraft:pillager":1,"iceandfire:fire_dragon":1},"minecraft:killed":{"minecraft:pillager":1,"iceandfire:ghost":3},"minecraft:mined":{"valhelsia_structures:light_gray_sleeping_bag":2,"iceandfire:silver_ore":1,"minecraft:crafting_table":3,"minecraft:grass_block":5,"minecraft:melon":1,"valhelsia_structures:gray_sleeping_bag":1,"minecraft:tall_grass":19,"minecraft:hay_block":8,"farmersdelight:sandy_shrub":1,"minecraft:barrel":1,"minecraft:fire":1,"neapolitan:banana_stalk":2,"minecraft:grass":89,"minecraft:oak_log":8,"iceandfire:gold_pile":59,"minecraft:dirt":1,"minecraft:oak_leaves":1},"minecraft:picked_up":{"minecraft:crafting_table":2,"minecraft:oak_log":8,"minecraft:dirt":6,"neapolitan:banana_frond":2,"minecraft:bone":17,"minecraft:bow":1,"minecraft:wheat_seeds":12,"minecraft:gold_nugget":548,"minecraft:iron_ingot":43,"minecraft:oak_boat":1,"minecraft:melon_slice":4,"valhelsia_structures:light_gray_sleeping_bag":2,"minecraft:stick":3,"valhelsia_structures:gray_sleeping_bag":1,"neapolitan:banana_stalk":2,"neapolitan:banana":1,"minecraft:arrow":5,"minecraft:rotten_flesh":1,"minecraft:slime_ball":4,"minecraft:hay_block":8,"iceandfire:raw_silver":1},"minecraft:dropped":{"minecraft:wheat_seeds":10,"minecraft:minecart":1,"minecraft:iron_helmet":1,"minecraft:stick":3},"minecraft:used":{"minecraft:oak_planks":2,"minecraft:shield":7,"minecraft:iron_sword":28,"valhelsia_structures:gray_sleeping_bag":1,"valhelsia_structures:light_gray_sleeping_bag":1,"minecraft:cooked_chicken":3,"minecraft:iron_chestplate":1,"minecraft:dirt":3,"minecraft:crafting_table":3,"neapolitan:banana":1,"minecraft:oak_log":1,"minecraft:iron_axe":24,"minecraft:melon_slice":3,"minecraft:bread":3,"minecraft:iron_pickaxe":59,"minecraft:iron_boots":1,"minecraft:rabbit_stew":1,"minecraft:bow":3,"minecraft:oak_boat":2,"alexsmobs:animal_dictionary":11},"minecraft:custom":{"minecraft:interact_with_smithing_table":1,"minecraft:interact_with_furnace":1,"lootr:looted_stat":11,"minecraft:mob_kills":4,"minecraft:interact_with_crafting_table":11,"minecraft:open_barrel":6,"minecraft:time_since_death":24532,"minecraft:sleep_in_bed":4,"minecraft:climb_one_cm":25712,"minecraft:time_since_rest":3610,"minecraft:waystone_activated":1,"minecraft:walk_one_cm":151840,"minecraft:sprint_one_cm":155405,"minecraft:damage_taken":989,"minecraft:damage_absorbed":424,"minecraft:trigger_trapped_chest":2,"minecraft:drop":13,"minecraft:damage_dealt":1213,"minecraft:swim_one_cm":815,"minecraft:talked_to_villager":1,"minecraft:fly_one_cm":263485,"minecraft:open_chest":3,"minecraft:crouch_one_cm":1400,"minecraft:play_time":54882,"minecraft:deaths":3,"minecraft:sneak_time":564,"minecraft:walk_under_water_one_cm":1066,"minecraft:jump":940,"minecraft:walk_on_water_one_cm":1487,"minecraft:total_world_time":54882,"minecraft:fall_one_cm":24506},"minecraft:crafted":{"minecraft:oak_planks":28,"minecraft:crafting_table":2,"minecraft:iron_helmet":1,"minecraft:iron_sword":1,"minecraft:bucket":1,"minecraft:bread":10,"minecraft:oak_boat":1,"minecraft:iron_boots":1,"minecraft:shield":1,"minecraft:iron_axe":1,"minecraft:stick":8,"minecraft:iron_pickaxe":1,"minecraft:gold_ingot":64,"minecraft:iron_leggings":1,"minecraft:minecart":1,"minecraft:wheat":27}},"DataVersion":3465}