{"stats":{"minecraft:killed_by":{"iceandfire:fire_dragon":1,"minecraft:pillager":1},"minecraft:killed":{"minecraft:pillager":1,"iceandfire:ghost":3},"minecraft:picked_up":{"minecraft:crafting_table":1,"valhelsia_structures:gray_sleeping_bag":1,"minecraft:oak_log":5,"minecraft:arrow":5,"neapolitan:banana":1,"minecraft:bone":17,"minecraft:rotten_flesh":1,"minecraft:slime_ball":4,"minecraft:bow":1,"minecraft:wheat_seeds":10,"minecraft:hay_block":3,"minecraft:iron_ingot":43,"minecraft:melon_slice":4,"valhelsia_structures:light_gray_sleeping_bag":1,"iceandfire:raw_silver":1},"minecraft:mined":{"minecraft:hay_block":3,"valhelsia_structures:light_gray_sleeping_bag":1,"iceandfire:silver_ore":1,"minecraft:fire":1,"minecraft:barrel":1,"minecraft:crafting_table":2,"minecraft:melon":1,"minecraft:grass":84,"minecraft:oak_log":5,"valhelsia_structures:gray_sleeping_bag":1,"minecraft:tall_grass":19},"minecraft:dropped":{"minecraft:wheat_seeds":7,"minecraft:minecart":1},"minecraft:used":{"minecraft:oak_log":1,"minecraft:iron_axe":8,"minecraft:melon_slice":3,"minecraft:iron_pickaxe":1,"minecraft:shield":7,"minecraft:iron_sword":27,"minecraft:iron_boots":1,"valhelsia_structures:gray_sleeping_bag":1,"minecraft:rabbit_stew":1,"minecraft:iron_chestplate":1,"minecraft:bow":3,"minecraft:crafting_table":2,"neapolitan:banana":1,"alexsmobs:animal_dictionary":11},"minecraft:custom":{"minecraft:time_since_rest":1194,"lootr:looted_stat":4,"minecraft:sprint_one_cm":60096,"minecraft:damage_absorbed":170,"minecraft:damage_taken":688,"minecraft:walk_one_cm":83377,"minecraft:trigger_trapped_chest":2,"minecraft:mob_kills":4,"minecraft:drop":8,"minecraft:damage_dealt":1204,"minecraft:interact_with_crafting_table":6,"minecraft:fly_one_cm":62710,"minecraft:open_barrel":6,"minecraft:open_chest":2,"minecraft:crouch_one_cm":1395,"minecraft:play_time":24882,"minecraft:deaths":2,"minecraft:sneak_time":418,"minecraft:walk_under_water_one_cm":1066,"minecraft:jump":306,"minecraft:walk_on_water_one_cm":367,"minecraft:time_since_death":1156,"minecraft:sleep_in_bed":2,"minecraft:climb_one_cm":2927,"minecraft:total_world_time":24882,"minecraft:fall_one_cm":5934},"minecraft:crafted":{"minecraft:oak_planks":16,"minecraft:iron_boots":1,"minecraft:shield":1,"minecraft:iron_axe":1,"minecraft:crafting_table":1,"minecraft:stick":8,"minecraft:iron_pickaxe":1,"minecraft:iron_helmet":1,"minecraft:iron_sword":1,"minecraft:iron_leggings":1,"minecraft:bucket":1,"minecraft:minecart":1}},"DataVersion":3465}