{"stats":{"minecraft:killed_by":{"minecraft:player":2,"minecraft:pillager":1,"undead_revamp2:thehorrors":2,"minecraft:skeleton":21,"undead_revamp2:thepregnant":1,"iceandfire:fire_dragon":1},"minecraft:killed":{"minecraft:skeleton":14,"minecraft:drowned":1,"minecraft:pillager":1,"minecraft:zombie":3,"alexsmobs:cockroach":1,"iceandfire:ghost":3},"minecraft:mined":{"minecraft:dark_prismarine":3,"valhelsia_structures:light_gray_sleeping_bag":4,"minecraft:spruce_planks":6,"minecraft:white_bed":2,"iceandfire:silver_ore":1,"minecraft:granite":3,"minecraft:grass_block":6,"minecraft:jungle_log":7,"valhelsia_structures:gray_sleeping_bag":1,"minecraft:spawner":4,"minecraft:hay_block":8,"minecraft:fire":8,"minecraft:barrel":1,"neapolitan:banana_stalk":2,"iceandfire:gold_pile":61,"minecraft:vine":4,"minecraft:stripped_oak_log":2,"minecraft:bamboo":22,"minecraft:spruce_slab":1,"minecraft:crafting_table":3,"minecraft:melon":1,"minecraft:rose_bush":3,"minecraft:tall_grass":19,"minecraft:red_glazed_terracotta":2,"minecraft:oak_planks":7,"minecraft:wall_torch":1,"farmersdelight:sandy_shrub":1,"minecraft:birch_log":5,"minecraft:grass":98,"minecraft:oak_log":13,"minecraft:dirt":1,"minecraft:cracked_stone_bricks":2,"minecraft:terracotta":7,"upgrade_aquatic:driftwood_log":4,"minecraft:stone_bricks":1,"minecraft:mossy_stone_bricks":1,"minecraft:oak_leaves":4,"minecraft:fern":2},"minecraft:picked_up":{"minecraft:crafting_table":2,"minecraft:ladder":1,"minecraft:string":25,"neapolitan:banana_frond":2,"neapolitan:banana_bunch":2,"minecraft:cracked_stone_bricks":2,"minecraft:gold_nugget":566,"minecraft:spruce_planks":22,"minecraft:oak_boat":1,"minecraft:rose_bush":3,"minecraft:spruce_slab":1,"minecraft:melon_slice":4,"valhelsia_structures:light_gray_sleeping_bag":4,"minecraft:stick":3,"valhelsia_structures:gray_sleeping_bag":1,"minecraft:torch":2,"minecraft:spruce_fence":1,"minecraft:dark_oak_planks":1,"minecraft:rotten_flesh":18,"neapolitan:banana_stalk":2,"neapolitan:banana":1,"minecraft:arrow":21,"upgrade_aquatic:driftwood_log":3,"minecraft:hay_block":8,"minecraft:cyan_terracotta":1,"minecraft:cod":3,"minecraft:stripped_oak_log":1,"minecraft:birch_log":4,"minecraft:jungle_log":6,"minecraft:red_glazed_terracotta":2,"minecraft:acacia_wood":5,"minecraft:potato":1,"paraglider:spirit_orb":8,"minecraft:oak_log":13,"minecraft:dirt":25,"bhc:red_heart":3,"minecraft:bone":35,"minecraft:stone_bricks":1,"minecraft:bow":1,"minecraft:wheat_seeds":13,"minecraft:iron_ingot":43,"minecraft:mossy_stone_bricks":1,"minecraft:bamboo":98,"minecraft:iron_sword":3,"minecraft:oak_planks":29,"minecraft:book":43,"sophisticatedbackpacks:iron_backpack":1,"minecraft:white_bed":2,"minecraft:dark_prismarine":3,"minecraft:slime_ball":10,"minecraft:granite":5,"minecraft:golden_apple":5,"exoticbirds:pelican_egg":1,"minecraft:bread":32,"minecraft:chainmail_helmet":1,"minecraft:terracotta":8,"minecraft:melon_seeds":4,"iceandfire:raw_silver":1,"minecraft:ender_pearl":1},"minecraft:dropped":{"minecraft:bread":37,"minecraft:iron_sword":3,"minecraft:wheat_seeds":10,"minecraft:minecart":1,"minecraft:iron_helmet":1,"minecraft:granite":4,"minecraft:cod":6,"minecraft:stick":3,"upgrade_aquatic:driftwood_planks":3,"minecraft:bucket":1,"minecraft:rotten_flesh":4,"minecraft:oak_planks":44,"minecraft:shield":1,"minecraft:spruce_planks":13,"minecraft:iron_chestplate":1,"minecraft:melon_seeds":4,"minecraft:mossy_stone_bricks":1,"minecraft:stone_bricks":1,"minecraft:arrow":17,"minecraft:bow":1,"bhc:red_heart":1},"minecraft:broken":{"minecraft:iron_leggings":1,"minecraft:chainmail_helmet":1,"minecraft:iron_sword":1,"minecraft:iron_helmet":1},"minecraft:used":{"minecraft:chest":4,"minecraft:spruce_planks":8,"minecraft:shield":55,"minecraft:iron_sword":252,"minecraft:cooked_chicken":3,"valhelsia_structures:light_gray_sleeping_bag":4,"minecraft:iron_chestplate":1,"minecraft:dirt":21,"upgrade_aquatic:driftwood_boat":1,"minecraft:spruce_boat":1,"minecraft:iron_axe":79,"minecraft:iron_boots":1,"minecraft:rabbit_stew":1,"minecraft:bow":4,"minecraft:acacia_planks":12,"minecraft:oak_planks":13,"farmersdelight:golden_knife":3,"minecraft:ender_pearl":4,"valhelsia_structures:gray_sleeping_bag":1,"minecraft:golden_apple":1,"minecraft:terracotta":8,"minecraft:crafting_table":7,"minecraft:white_bed":2,"minecraft:crossbow":1,"neapolitan:banana":1,"minecraft:oak_log":1,"alexsmobs:terrapin_bucket":10,"minecraft:bread":51,"minecraft:melon_slice":3,"minecraft:iron_pickaxe":86,"minecraft:oak_boat":3,"minecraft:bucket":11,"alexsmobs:animal_dictionary":22,"minecraft:experience_bottle":10},"minecraft:custom":{"minecraft:interact_with_smithing_table":1,"lootr:looted_stat":40,"minecraft:mob_kills":23,"minecraft:interact_with_crafting_table":23,"minecraft:open_barrel":6,"minecraft:leave_game":3,"minecraft:time_since_death":14519,"minecraft:climb_one_cm":60149,"minecraft:sprint_one_cm":520654,"minecraft:walk_one_cm":677103,"minecraft:damage_blocked_by_shield":2727,"minecraft:drop":50,"minecraft:damage_dealt_absorbed":120,"minecraft:talked_to_villager":2,"minecraft:play_time":186414,"minecraft:deaths":33,"minecraft:sneak_time":7332,"minecraft:walk_under_water_one_cm":10830,"minecraft:jump":2784,"minecraft:walk_on_water_one_cm":30025,"minecraft:total_world_time":186414,"minecraft:interact_with_furnace":1,"minecraft:sleep_in_bed":17,"minecraft:time_since_rest":13227,"minecraft:waystone_activated":2,"minecraft:damage_taken":9881,"minecraft:damage_absorbed":2591,"minecraft:trigger_trapped_chest":2,"minecraft:damage_dealt":8664,"minecraft:swim_one_cm":75214,"minecraft:fly_one_cm":572185,"minecraft:player_kills":1,"minecraft:open_chest":11,"minecraft:crouch_one_cm":17863,"minecraft:fall_one_cm":90110},"minecraft:crafted":{"minecraft:oak_planks":52,"minecraft:iron_boots":1,"minecraft:iron_axe":1,"minecraft:chest":4,"upgrade_aquatic:driftwood_boat":1,"minecraft:spruce_boat":1,"upgrade_aquatic:driftwood_planks":12,"minecraft:minecart":1,"minecraft:wheat":72,"minecraft:crafting_table":6,"minecraft:iron_helmet":2,"minecraft:iron_sword":2,"minecraft:bucket":2,"minecraft:birch_planks":16,"minecraft:bread":25,"minecraft:jungle_planks":24,"minecraft:oak_boat":2,"minecraft:iron_chestplate":1,"minecraft:shield":2,"minecraft:stick":12,"minecraft:iron_pickaxe":1,"minecraft:gold_ingot":64,"minecraft:iron_leggings":2,"minecraft:acacia_planks":20}},"DataVersion":3465}