{"stats":{"minecraft:killed_by":{"minecraft:enderman":1,"minecraft:iron_golem":2,"undead_revamp2:thehunter":1,"minecraft:skeleton":4,"iceandfire:ghost":5,"iceandfire:troll":1},"minecraft:killed":{"minecraft:cave_spider":2,"minecraft:spider":6,"minecraft:skeleton":3,"alexsmobs:capuchin_monkey":1,"minecraft:pig":5,"undead_revamp2:the_moonflower":2,"minecraft:sheep":6,"minecraft:zombie":6,"iceandfire:ghost":2,"minecraft:stray":1,"exoticbirds:peafowl":1},"minecraft:picked_up":{"minecraft:crafting_table":5,"minecraft:clay_ball":4,"minecraft:wooden_pickaxe":1,"iceandfire:manuscript":4,"minecraft:string":44,"minecraft:red_bed":2,"minecraft:moss_carpet":1,"minecraft:raw_copper":23,"alexsmobs:emu_feather":1,"minecraft:gold_nugget":2,"minecraft:spruce_planks":2,"minecraft:rose_bush":1,"minecraft:cobblestone_slab":1,"minecraft:iron_pickaxe":1,"minecraft:light_gray_wool":2,"minecraft:coal_block":6,"minecraft:iron_boots":1,"minecraft:furnace":3,"minecraft:stick":16,"minecraft:raw_iron":30,"iceandfire:ghost_chest":1,"minecraft:copper_ingot":2,"minecraft:torch":4,"minecraft:acacia_log":6,"minecraft:spruce_fence":10,"minecraft:porkchop":13,"farmersdelight:tomato_seeds":3,"minecraft:carrot":1,"minecraft:arrow":13,"minecraft:rotten_flesh":32,"minecraft:mangrove_roots":5,"minecraft:mutton":9,"minecraft:rail":1,"undead_revamp2:arapholia":4,"minecraft:skeleton_skull":1,"minecraft:white_wool":10,"minecraft:cobblestone":90,"farmersdelight:onion_crate":1,"minecraft:andesite":3,"minecraft:jungle_log":1,"minecraft:potato":5,"minecraft:filled_map":2,"paraglider:spirit_orb":4,"minecraft:packed_mud":1,"create:raw_zinc":6,"minecraft:oak_log":21,"iceandfire:ectoplasm":2,"minecraft:dirt":21,"bhc:red_heart":2,"minecraft:bone":21,"neapolitan:adzuki_beans":2,"minecraft:stone_bricks":15,"minecraft:wheat_seeds":4,"minecraft:iron_ingot":39,"minecraft:cobweb":2,"minecraft:oak_planks":2,"minecraft:oak_slab":2,"irons_spellbooks:frozen_bone":1,"minecraft:sweet_berries":5,"minecraft:raw_iron_block":5,"minecraft:blast_furnace":5,"minecraft:spruce_sapling":1,"palladium:raw_lead":17,"minecraft:ink_sac":3,"minecraft:spruce_log":55,"exoticbirds:mystery_egg":1,"immersive_armors:divine_boots":1,"minecraft:spider_eye":1,"minecraft:mossy_cobblestone":3,"minecraft:dark_prismarine":6,"neapolitan:strawberries":1,"minecraft:pumpkin_seeds":12,"minecraft:chainmail_leggings":1,"minecraft:bread":19,"minecraft:emerald":1,"minecraft:oak_sapling":6,"minecraft:oak_leaves":1,"minecraft:coal":413,"iceandfire:raw_silver":11},"minecraft:mined":{"create:zinc_ore":6,"minecraft:dark_prismarine":3,"iceandfire:silver_ore":11,"minecraft:mossy_cobblestone":3,"exoticbirds:nest":1,"minecraft:acacia_log":6,"minecraft:grass_block":2,"neapolitan:adzuki_sprouts":2,"minecraft:jungle_log":1,"minecraft:coal_block":6,"minecraft:spruce_leaves":20,"palladium:lead_ore":17,"minecraft:spawner":2,"minecraft:large_fern":5,"minecraft:raw_iron_block":5,"minecraft:packed_mud":1,"minecraft:furnace":4,"minecraft:iron_ore":31,"minecraft:fire":1,"minecraft:andesite":4,"minecraft:vine":5,"minecraft:cobblestone_slab":1,"minecraft:stone":86,"minecraft:oak_slab":2,"minecraft:red_bed":2,"minecraft:smoker":1,"minecraft:clay":1,"minecraft:crafting_table":5,"minecraft:torch":1,"minecraft:blast_furnace":5,"minecraft:emerald_ore":1,"iceandfire:ghost_chest":1,"minecraft:rose_bush":1,"farmersdelight:onion_crate":1,"minecraft:copper_ore":6,"minecraft:tall_grass":7,"minecraft:cobblestone":5,"minecraft:oak_planks":2,"minecraft:spruce_log":56,"minecraft:pumpkin_stem":4,"minecraft:mangrove_leaves":5,"minecraft:stone_brick_stairs":1,"minecraft:grass":32,"minecraft:oak_log":21,"minecraft:coal_ore":109,"minecraft:cobweb":36,"minecraft:stone_bricks":13,"minecraft:oak_leaves":1,"minecraft:fern":1},"minecraft:dropped":{"farmersdelight:tomato_seeds":6,"minecraft:iron_ingot":3,"minecraft:oak_slab":1,"minecraft:wheat_seeds":2,"minecraft:mossy_cobblestone":2,"iceandfire:ectoplasm":2,"minecraft:copper_ingot":2,"minecraft:stick":9,"minecraft:cobweb":2,"minecraft:dirt":4,"neapolitan:adzuki_beans":1,"neapolitan:strawberries":1,"minecraft:gold_nugget":2,"minecraft:iron_pickaxe":2,"minecraft:chainmail_leggings":1,"minecraft:white_wool":10,"minecraft:bone":2,"minecraft:nether_wart":1,"undead_revamp2:arapholia":4,"minecraft:rotten_flesh":21,"minecraft:light_gray_wool":2,"minecraft:oak_planks":1,"minecraft:iron_boots":3,"minecraft:spruce_fence":10,"minecraft:pumpkin_seeds":12,"minecraft:carrot":2,"minecraft:filled_map":3,"minecraft:cobblestone_slab":1,"iceandfire:ghost_chest":1,"minecraft:skeleton_skull":2,"minecraft:spruce_planks":2,"minecraft:andesite":2,"minecraft:oak_sapling":6,"minecraft:spider_eye":1,"minecraft:stone_bricks":4,"minecraft:arrow":1,"minecraft:stone_pickaxe":1,"minecraft:wooden_pickaxe":3,"bhc:red_heart":1,"minecraft:dark_prismarine":6,"iceandfire:manuscript":1},"minecraft:broken":{"minecraft:iron_boots":1,"minecraft:iron_chestplate":1,"minecraft:iron_leggings":1,"minecraft:iron_helmet":2},"minecraft:used":{"neapolitan:strawberries":14,"farmersdelight:onion_crate":1,"iceandfire:silver_sword":125,"minecraft:spruce_planks":22,"minecraft:shield":44,"minecraft:iron_sword":20,"minecraft:cooked_chicken":4,"minecraft:rotten_flesh":7,"minecraft:torch":103,"minecraft:dirt":1,"iceandfire:copper_sword":95,"minecraft:carrot":4,"minecraft:spruce_boat":1,"neapolitan:strawberry_scones":8,"minecraft:iron_axe":25,"minecraft:iron_boots":1,"minecraft:stone_bricks":2,"minecraft:furnace":4,"minecraft:cooked_mutton":9,"minecraft:baked_potato":6,"minecraft:oak_planks":3,"minecraft:stone_pickaxe":87,"minecraft:wooden_pickaxe":9,"neapolitan:adzuki_beans":1,"minecraft:mossy_cobblestone":1,"minecraft:crafting_table":10,"minecraft:red_bed":2,"minecraft:blast_furnace":4,"iceandfire:silver_axe":54,"minecraft:bread":30,"minecraft:iron_pickaxe":241,"minecraft:stone_axe":62,"minecraft:cobblestone":28,"minecraft:cooked_porkchop":7,"alexsmobs:animal_dictionary":1,"minecraft:chainmail_leggings":1},"minecraft:custom":{"minecraft:interact_with_smithing_table":5,"lootr:looted_stat":19,"minecraft:interact_with_anvil":1,"minecraft:mob_kills":54,"minecraft:interact_with_crafting_table":28,"minecraft:open_barrel":1,"minecraft:leave_game":5,"minecraft:time_since_death":24675,"minecraft:climb_one_cm":12832,"minecraft:sprint_one_cm":661381,"minecraft:walk_one_cm":362253,"minecraft:damage_blocked_by_shield":2147483647,"minecraft:drop":131,"minecraft:talked_to_villager":1,"minecraft:play_time":159559,"minecraft:sneak_time":538,"minecraft:deaths":19,"minecraft:walk_under_water_one_cm":4269,"minecraft:jump":2508,"minecraft:interact_with_blast_furnace":23,"minecraft:walk_on_water_one_cm":23084,"minecraft:total_world_time":159559,"minecraft:interact_with_furnace":17,"minecraft:tune_noteblock":8,"minecraft:sleep_in_bed":4,"minecraft:time_since_rest":24697,"minecraft:damage_absorbed":2147483647,"minecraft:damage_taken":8208,"minecraft:trigger_trapped_chest":5,"minecraft:damage_dealt":10857,"minecraft:swim_one_cm":32485,"minecraft:fly_one_cm":376769,"minecraft:crouch_one_cm":1350,"minecraft:interact_with_smoker":3,"minecraft:fall_one_cm":62854},"minecraft:crafted":{"minecraft:oak_planks":84,"minecraft:raw_iron":45,"minecraft:furnace":1,"palladium:lead_ingot":9,"minecraft:cooked_mutton":9,"minecraft:iron_boots":2,"minecraft:iron_axe":1,"minecraft:stone_pickaxe":1,"minecraft:spruce_boat":1,"iceandfire:silver_axe":1,"iceandfire:silver_ingot":7,"minecraft:cooked_porkchop":7,"minecraft:crafting_table":5,"minecraft:spruce_planks":216,"minecraft:iron_helmet":1,"minecraft:wooden_pickaxe":2,"minecraft:baked_potato":13,"minecraft:iron_sword":1,"minecraft:copper_ingot":23,"minecraft:stone_axe":1,"minecraft:air":0,"iceandfire:bestiary":1,"minecraft:iron_chestplate":2,"minecraft:shield":2,"minecraft:stick":56,"minecraft:iron_ingot":62,"minecraft:iron_pickaxe":3,"minecraft:iron_leggings":1,"minecraft:acacia_planks":24,"minecraft:torch":148}},"DataVersion":3465}