{"stats":{"minecraft:broken":{"minecraft:iron_boots":1,"minecraft:iron_helmet":1,"minecraft:iron_chestplate":1,"minecraft:iron_leggings":1},"minecraft:killed":{"undead_revamp2:the_moonflower":1,"minecraft:spider":1,"minecraft:sheep":4,"minecraft:skeleton":2,"minecraft:zombie":3,"alexsmobs:capuchin_monkey":1},"minecraft:killed_by":{"undead_revamp2:thehunter":1,"minecraft:skeleton":1},"minecraft:picked_up":{"minecraft:crafting_table":4,"farmersdelight:onion_crate":1,"minecraft:andesite":1,"minecraft:jungle_log":1,"minecraft:wooden_pickaxe":1,"minecraft:packed_mud":1,"minecraft:oak_log":21,"minecraft:string":1,"minecraft:dirt":15,"minecraft:red_bed":1,"bhc:red_heart":1,"minecraft:bone":5,"minecraft:stone_bricks":2,"minecraft:wheat_seeds":2,"alexsmobs:emu_feather":1,"minecraft:iron_ingot":34,"minecraft:furnace":1,"minecraft:oak_slab":1,"minecraft:stick":7,"minecraft:acacia_log":6,"minecraft:blast_furnace":1,"minecraft:ink_sac":3,"exoticbirds:mystery_egg":1,"minecraft:dark_prismarine":3,"minecraft:arrow":6,"minecraft:rotten_flesh":11,"minecraft:mangrove_roots":5,"minecraft:bread":19,"minecraft:oak_sapling":6,"minecraft:mutton":6,"minecraft:white_wool":4,"minecraft:oak_leaves":1,"iceandfire:raw_silver":4,"minecraft:cobblestone":25},"minecraft:custom":{"minecraft:interact_with_furnace":4,"lootr:looted_stat":6,"minecraft:mob_kills":12,"minecraft:tune_noteblock":8,"minecraft:interact_with_crafting_table":12,"minecraft:time_since_death":9914,"minecraft:climb_one_cm":5498,"minecraft:time_since_rest":9989,"minecraft:sprint_one_cm":102597,"minecraft:walk_one_cm":113204,"minecraft:damage_taken":1872,"minecraft:damage_absorbed":2147483647,"minecraft:damage_blocked_by_shield":2147483647,"minecraft:trigger_trapped_chest":1,"minecraft:drop":6,"minecraft:damage_dealt":2254,"minecraft:swim_one_cm":28648,"minecraft:fly_one_cm":63735,"minecraft:crouch_one_cm":223,"minecraft:play_time":43786,"minecraft:deaths":3,"minecraft:sneak_time":198,"minecraft:walk_under_water_one_cm":2638,"minecraft:jump":493,"minecraft:interact_with_blast_furnace":2,"minecraft:walk_on_water_one_cm":15812,"minecraft:interact_with_smoker":1,"minecraft:total_world_time":43786,"minecraft:fall_one_cm":10194},"minecraft:crafted":{"iceandfire:silver_axe":1,"minecraft:oak_planks":20,"iceandfire:silver_ingot":4,"minecraft:crafting_table":2,"minecraft:wooden_pickaxe":1,"minecraft:iron_helmet":1,"minecraft:iron_sword":1,"minecraft:furnace":1,"minecraft:air":0,"minecraft:iron_boots":1,"minecraft:iron_chestplate":1,"minecraft:shield":1,"minecraft:iron_axe":1,"minecraft:stick":16,"minecraft:iron_pickaxe":1,"minecraft:stone_pickaxe":1,"minecraft:iron_leggings":1,"minecraft:acacia_planks":24},"minecraft:mined":{"minecraft:oak_slab":1,"minecraft:dark_prismarine":3,"iceandfire:silver_ore":4,"minecraft:red_bed":1,"exoticbirds:nest":1,"minecraft:crafting_table":4,"minecraft:blast_furnace":1,"minecraft:acacia_log":6,"minecraft:grass_block":1,"minecraft:jungle_log":1,"farmersdelight:onion_crate":1,"minecraft:tall_grass":1,"minecraft:furnace":1,"minecraft:packed_mud":1,"minecraft:fire":1,"minecraft:andesite":1,"minecraft:mangrove_leaves":5,"minecraft:grass":13,"minecraft:oak_log":21,"minecraft:vine":1,"minecraft:stone_bricks":2,"minecraft:stone":25,"minecraft:oak_leaves":1},"minecraft:dropped":{"minecraft:iron_ingot":3,"minecraft:oak_sapling":6,"minecraft:wooden_pickaxe":2},"minecraft:used":{"neapolitan:strawberries":1,"farmersdelight:onion_crate":1,"minecraft:stone_pickaxe":35,"minecraft:shield":12,"minecraft:wooden_pickaxe":5,"minecraft:iron_sword":20,"minecraft:rotten_flesh":6,"minecraft:crafting_table":5,"minecraft:red_bed":1,"iceandfire:silver_axe":33,"neapolitan:strawberry_scones":2,"minecraft:iron_axe":25,"minecraft:bread":19,"minecraft:iron_pickaxe":1,"minecraft:cobblestone":6,"minecraft:furnace":1,"alexsmobs:animal_dictionary":1,"minecraft:chainmail_leggings":1}},"DataVersion":3465}