{"stats":{"minecraft:crafted":{"minecraft:acacia_planks":24,"minecraft:iron_axe":1,"minecraft:crafting_table":1,"minecraft:stick":4,"minecraft:iron_pickaxe":1},"minecraft:picked_up":{"minecraft:crafting_table":1,"minecraft:rotten_flesh":2,"alexsmobs:emu_feather":1,"minecraft:acacia_log":6,"minecraft:iron_ingot":11,"minecraft:bread":7,"minecraft:dirt":14},"minecraft:mined":{"minecraft:grass":5,"minecraft:acacia_log":6,"minecraft:crafting_table":1},"minecraft:custom":{"minecraft:time_since_rest":7786,"minecraft:crouch_one_cm":119,"minecraft:play_time":7786,"minecraft:sprint_one_cm":9191,"minecraft:damage_taken":325,"minecraft:walk_one_cm":17520,"minecraft:sneak_time":36,"minecraft:jump":41,"minecraft:damage_dealt":144,"minecraft:time_since_death":7786,"minecraft:total_world_time":7786,"minecraft:interact_with_crafting_table":1,"minecraft:fall_one_cm":418,"minecraft:fly_one_cm":6161},"minecraft:used":{"minecraft:crafting_table":1,"minecraft:iron_axe":3,"minecraft:bread":3}},"DataVersion":3465}