{"stats":{"minecraft:broken":{"minecraft:iron_boots":1,"minecraft:iron_chestplate":1,"minecraft:iron_leggings":1,"minecraft:iron_helmet":1},"minecraft:killed":{"minecraft:spider":6,"minecraft:skeleton":3,"alexsmobs:capuchin_monkey":1,"minecraft:pig":5,"undead_revamp2:the_moonflower":2,"minecraft:sheep":6,"minecraft:zombie":6,"iceandfire:ghost":2,"exoticbirds:peafowl":1},"minecraft:custom":{"lootr:looted_stat":12,"minecraft:mob_kills":44,"minecraft:interact_with_crafting_table":21,"minecraft:leave_game":2,"minecraft:time_since_death":9554,"minecraft:climb_one_cm":6899,"minecraft:sprint_one_cm":403954,"minecraft:walk_one_cm":273681,"minecraft:damage_blocked_by_shield":2147483647,"minecraft:drop":123,"minecraft:play_time":106730,"minecraft:deaths":16,"minecraft:sneak_time":198,"minecraft:walk_under_water_one_cm":3128,"minecraft:jump":1738,"minecraft:interact_with_blast_furnace":13,"minecraft:walk_on_water_one_cm":21377,"minecraft:total_world_time":106730,"minecraft:interact_with_furnace":5,"minecraft:tune_noteblock":8,"minecraft:sleep_in_bed":4,"minecraft:time_since_rest":1858,"minecraft:damage_taken":6122,"minecraft:damage_absorbed":2147483647,"minecraft:trigger_trapped_chest":5,"minecraft:damage_dealt":9127,"minecraft:swim_one_cm":31623,"minecraft:fly_one_cm":270759,"minecraft:crouch_one_cm":223,"minecraft:interact_with_smoker":2,"minecraft:fall_one_cm":39944},"minecraft:mined":{"minecraft:dark_prismarine":3,"iceandfire:silver_ore":7,"minecraft:mossy_cobblestone":3,"exoticbirds:nest":1,"minecraft:acacia_log":6,"minecraft:grass_block":2,"neapolitan:adzuki_sprouts":2,"minecraft:jungle_log":1,"minecraft:spruce_leaves":6,"palladium:lead_ore":8,"minecraft:spawner":1,"minecraft:large_fern":5,"minecraft:furnace":2,"minecraft:packed_mud":1,"minecraft:iron_ore":12,"minecraft:fire":1,"minecraft:andesite":3,"minecraft:cobblestone_slab":1,"minecraft:vine":5,"minecraft:stone":55,"minecraft:oak_slab":1,"minecraft:red_bed":2,"minecraft:smoker":1,"minecraft:clay":1,"minecraft:crafting_table":5,"minecraft:blast_furnace":3,"minecraft:emerald_ore":1,"iceandfire:ghost_chest":1,"farmersdelight:onion_crate":1,"minecraft:copper_ore":6,"minecraft:tall_grass":7,"minecraft:cobblestone":4,"minecraft:oak_planks":2,"minecraft:pumpkin_stem":4,"minecraft:mangrove_leaves":5,"minecraft:grass":32,"minecraft:oak_log":21,"minecraft:coal_ore":109,"minecraft:stone_bricks":2,"minecraft:oak_leaves":1},"minecraft:killed_by":{"minecraft:enderman":1,"minecraft:iron_golem":2,"undead_revamp2:thehunter":1,"minecraft:skeleton":1,"iceandfire:ghost":5,"iceandfire:troll":1},"minecraft:picked_up":{"minecraft:crafting_table":5,"minecraft:clay_ball":4,"minecraft:wooden_pickaxe":1,"iceandfire:manuscript":4,"minecraft:string":8,"minecraft:red_bed":2,"minecraft:moss_carpet":1,"minecraft:raw_copper":23,"alexsmobs:emu_feather":1,"minecraft:gold_nugget":2,"minecraft:spruce_planks":1,"minecraft:cobblestone_slab":1,"minecraft:light_gray_wool":2,"minecraft:furnace":2,"minecraft:raw_iron":12,"minecraft:stick":14,"iceandfire:ghost_chest":1,"minecraft:copper_ingot":2,"minecraft:torch":1,"minecraft:acacia_log":6,"minecraft:spruce_fence":10,"minecraft:porkchop":10,"farmersdelight:tomato_seeds":3,"minecraft:carrot":1,"minecraft:arrow":7,"minecraft:rotten_flesh":32,"minecraft:mangrove_roots":5,"minecraft:mutton":9,"undead_revamp2:arapholia":4,"minecraft:skeleton_skull":1,"minecraft:white_wool":10,"minecraft:cobblestone":59,"farmersdelight:onion_crate":1,"minecraft:andesite":2,"minecraft:jungle_log":1,"paraglider:spirit_orb":2,"minecraft:filled_map":2,"minecraft:packed_mud":1,"minecraft:oak_log":21,"iceandfire:ectoplasm":2,"minecraft:dirt":21,"bhc:red_heart":2,"minecraft:bone":14,"neapolitan:adzuki_beans":2,"minecraft:stone_bricks":4,"minecraft:wheat_seeds":4,"minecraft:iron_ingot":39,"minecraft:cobweb":2,"minecraft:oak_planks":2,"minecraft:oak_slab":1,"minecraft:sweet_berries":5,"palladium:raw_lead":8,"minecraft:blast_furnace":3,"minecraft:ink_sac":3,"exoticbirds:mystery_egg":1,"minecraft:spider_eye":1,"minecraft:mossy_cobblestone":3,"minecraft:dark_prismarine":6,"neapolitan:strawberries":1,"minecraft:pumpkin_seeds":12,"minecraft:chainmail_leggings":1,"minecraft:emerald":1,"minecraft:bread":19,"minecraft:oak_sapling":6,"minecraft:oak_leaves":1,"minecraft:coal":180,"iceandfire:raw_silver":7},"minecraft:used":{"neapolitan:strawberries":14,"farmersdelight:onion_crate":1,"iceandfire:silver_sword":66,"minecraft:shield":22,"minecraft:iron_sword":20,"minecraft:cooked_chicken":4,"minecraft:rotten_flesh":6,"minecraft:torch":49,"minecraft:dirt":1,"iceandfire:copper_sword":78,"neapolitan:strawberry_scones":8,"minecraft:iron_axe":25,"minecraft:iron_boots":1,"minecraft:furnace":2,"minecraft:cooked_mutton":9,"minecraft:stone_pickaxe":87,"minecraft:oak_planks":3,"minecraft:wooden_pickaxe":5,"neapolitan:adzuki_beans":1,"minecraft:crafting_table":8,"minecraft:red_bed":2,"minecraft:blast_furnace":2,"iceandfire:silver_axe":53,"minecraft:bread":20,"minecraft:iron_pickaxe":146,"minecraft:cobblestone":17,"alexsmobs:animal_dictionary":1,"minecraft:chainmail_leggings":1},"minecraft:dropped":{"farmersdelight:tomato_seeds":6,"minecraft:iron_ingot":3,"minecraft:oak_slab":1,"minecraft:wheat_seeds":2,"minecraft:mossy_cobblestone":2,"iceandfire:ectoplasm":2,"minecraft:copper_ingot":2,"minecraft:stick":7,"minecraft:cobweb":2,"minecraft:dirt":4,"neapolitan:adzuki_beans":1,"neapolitan:strawberries":1,"minecraft:gold_nugget":2,"minecraft:chainmail_leggings":1,"minecraft:white_wool":10,"minecraft:bone":2,"minecraft:nether_wart":1,"undead_revamp2:arapholia":4,"minecraft:rotten_flesh":21,"minecraft:light_gray_wool":2,"minecraft:oak_planks":1,"minecraft:spruce_fence":10,"minecraft:pumpkin_seeds":12,"minecraft:carrot":2,"minecraft:filled_map":3,"minecraft:cobblestone_slab":1,"iceandfire:ghost_chest":1,"minecraft:spruce_planks":1,"minecraft:skeleton_skull":2,"minecraft:andesite":2,"minecraft:oak_sapling":6,"minecraft:spider_eye":1,"minecraft:stone_bricks":4,"minecraft:arrow":1,"minecraft:stone_pickaxe":1,"minecraft:wooden_pickaxe":2,"bhc:red_heart":1,"minecraft:dark_prismarine":6,"iceandfire:manuscript":1},"minecraft:crafted":{"minecraft:oak_planks":84,"minecraft:furnace":1,"minecraft:cooked_mutton":9,"minecraft:iron_boots":2,"minecraft:iron_axe":1,"minecraft:stone_pickaxe":1,"iceandfire:silver_axe":1,"iceandfire:silver_ingot":4,"minecraft:crafting_table":3,"minecraft:wooden_pickaxe":1,"minecraft:iron_helmet":1,"minecraft:iron_sword":1,"minecraft:copper_ingot":23,"minecraft:air":0,"iceandfire:bestiary":1,"minecraft:iron_chestplate":2,"minecraft:shield":2,"minecraft:stick":48,"minecraft:iron_ingot":11,"minecraft:iron_pickaxe":2,"minecraft:iron_leggings":1,"minecraft:acacia_planks":24,"minecraft:torch":148}},"DataVersion":3465}