{"stats":{"minecraft:broken":{"minecraft:iron_boots":1,"minecraft:iron_helmet":1,"minecraft:iron_chestplate":1,"minecraft:iron_leggings":1},"minecraft:killed":{"minecraft:pig":3,"undead_revamp2:the_moonflower":1,"minecraft:spider":1,"minecraft:sheep":6,"minecraft:skeleton":2,"iceandfire:ghost":1,"minecraft:zombie":3,"alexsmobs:capuchin_monkey":1},"minecraft:killed_by":{"undead_revamp2:thehunter":1,"minecraft:skeleton":1,"iceandfire:ghost":4},"minecraft:picked_up":{"minecraft:crafting_table":4,"farmersdelight:onion_crate":1,"minecraft:andesite":2,"minecraft:jungle_log":1,"minecraft:wooden_pickaxe":1,"minecraft:filled_map":1,"minecraft:packed_mud":1,"minecraft:oak_log":21,"iceandfire:ectoplasm":2,"iceandfire:manuscript":4,"minecraft:string":1,"minecraft:dirt":17,"minecraft:red_bed":2,"bhc:red_heart":1,"minecraft:bone":10,"minecraft:stone_bricks":4,"minecraft:wheat_seeds":4,"alexsmobs:emu_feather":1,"minecraft:gold_nugget":2,"minecraft:iron_ingot":34,"minecraft:cobweb":2,"minecraft:light_gray_wool":1,"iceandfire:ghost_chest":1,"minecraft:furnace":1,"minecraft:oak_slab":1,"minecraft:stick":14,"minecraft:copper_ingot":1,"minecraft:porkchop":8,"minecraft:acacia_log":6,"minecraft:blast_furnace":1,"minecraft:ink_sac":3,"exoticbirds:mystery_egg":1,"neapolitan:strawberries":1,"minecraft:dark_prismarine":6,"minecraft:arrow":6,"minecraft:rotten_flesh":18,"minecraft:chainmail_leggings":1,"minecraft:mangrove_roots":5,"minecraft:bread":19,"minecraft:coal":3,"minecraft:oak_sapling":6,"minecraft:skeleton_skull":1,"minecraft:mutton":9,"minecraft:white_wool":9,"minecraft:oak_leaves":1,"iceandfire:raw_silver":4,"minecraft:cobblestone":27},"minecraft:custom":{"minecraft:interact_with_furnace":4,"lootr:looted_stat":8,"minecraft:mob_kills":20,"minecraft:tune_noteblock":8,"minecraft:interact_with_crafting_table":12,"minecraft:time_since_death":5914,"minecraft:climb_one_cm":6899,"minecraft:time_since_rest":5941,"minecraft:sprint_one_cm":147578,"minecraft:walk_one_cm":139065,"minecraft:damage_taken":3294,"minecraft:damage_absorbed":2147483647,"minecraft:damage_blocked_by_shield":2147483647,"minecraft:trigger_trapped_chest":4,"minecraft:drop":60,"minecraft:damage_dealt":3695,"minecraft:swim_one_cm":31623,"minecraft:fly_one_cm":104351,"minecraft:crouch_one_cm":223,"minecraft:play_time":55786,"minecraft:deaths":8,"minecraft:sneak_time":198,"minecraft:walk_under_water_one_cm":3008,"minecraft:jump":809,"minecraft:interact_with_blast_furnace":2,"minecraft:walk_on_water_one_cm":17932,"minecraft:interact_with_smoker":1,"minecraft:total_world_time":55786,"minecraft:fall_one_cm":14470},"minecraft:crafted":{"iceandfire:silver_axe":1,"minecraft:oak_planks":20,"iceandfire:silver_ingot":4,"minecraft:crafting_table":2,"minecraft:wooden_pickaxe":1,"minecraft:iron_helmet":1,"minecraft:iron_sword":1,"minecraft:furnace":1,"minecraft:air":0,"iceandfire:bestiary":1,"minecraft:iron_boots":1,"minecraft:iron_chestplate":1,"minecraft:shield":1,"minecraft:iron_axe":1,"minecraft:stick":16,"minecraft:iron_pickaxe":1,"minecraft:stone_pickaxe":1,"minecraft:iron_leggings":1,"minecraft:acacia_planks":24},"minecraft:mined":{"minecraft:oak_slab":1,"minecraft:dark_prismarine":3,"iceandfire:silver_ore":4,"minecraft:red_bed":2,"exoticbirds:nest":1,"minecraft:crafting_table":4,"minecraft:blast_furnace":1,"minecraft:acacia_log":6,"minecraft:grass_block":2,"iceandfire:ghost_chest":1,"minecraft:jungle_log":1,"farmersdelight:onion_crate":1,"minecraft:tall_grass":5,"minecraft:large_fern":2,"minecraft:furnace":1,"minecraft:packed_mud":1,"minecraft:fire":1,"minecraft:andesite":1,"minecraft:mangrove_leaves":5,"minecraft:grass":19,"minecraft:coal_ore":3,"minecraft:oak_log":21,"minecraft:vine":4,"minecraft:stone_bricks":2,"minecraft:stone":27,"minecraft:oak_leaves":1},"minecraft:dropped":{"minecraft:iron_ingot":3,"minecraft:oak_slab":1,"minecraft:wheat_seeds":2,"minecraft:nether_wart":1,"minecraft:rotten_flesh":9,"minecraft:cobweb":2,"minecraft:stick":7,"minecraft:filled_map":1,"minecraft:dirt":2,"iceandfire:ghost_chest":1,"minecraft:skeleton_skull":2,"minecraft:andesite":2,"minecraft:oak_sapling":6,"neapolitan:strawberries":1,"minecraft:gold_nugget":2,"minecraft:stone_bricks":4,"minecraft:wooden_pickaxe":2,"minecraft:chainmail_leggings":1,"minecraft:dark_prismarine":6,"minecraft:white_wool":8,"iceandfire:manuscript":1,"minecraft:bone":2},"minecraft:used":{"neapolitan:strawberries":4,"farmersdelight:onion_crate":1,"minecraft:stone_pickaxe":41,"minecraft:shield":12,"minecraft:wooden_pickaxe":5,"minecraft:iron_sword":20,"minecraft:cooked_chicken":3,"minecraft:rotten_flesh":6,"iceandfire:copper_sword":13,"minecraft:crafting_table":5,"minecraft:red_bed":1,"iceandfire:silver_axe":47,"neapolitan:strawberry_scones":2,"minecraft:iron_axe":25,"minecraft:bread":19,"minecraft:iron_pickaxe":1,"minecraft:cobblestone":6,"minecraft:furnace":1,"alexsmobs:animal_dictionary":1,"minecraft:chainmail_leggings":1}},"DataVersion":3465}