{"stats":{"minecraft:broken":{"minecraft:iron_boots":1,"minecraft:iron_helmet":1,"minecraft:iron_chestplate":1,"minecraft:iron_leggings":1},"minecraft:killed":{"minecraft:pig":3,"undead_revamp2:the_moonflower":1,"minecraft:spider":1,"minecraft:sheep":6,"minecraft:skeleton":2,"minecraft:zombie":3,"iceandfire:ghost":2,"alexsmobs:capuchin_monkey":1,"exoticbirds:peafowl":1},"minecraft:custom":{"minecraft:interact_with_furnace":4,"lootr:looted_stat":8,"minecraft:mob_kills":22,"minecraft:interact_with_crafting_table":12,"minecraft:tune_noteblock":8,"minecraft:leave_game":1,"minecraft:time_since_death":8924,"minecraft:climb_one_cm":6899,"minecraft:time_since_rest":8951,"minecraft:sprint_one_cm":159384,"minecraft:damage_absorbed":2147483647,"minecraft:damage_taken":3392,"minecraft:walk_one_cm":147355,"minecraft:damage_blocked_by_shield":2147483647,"minecraft:trigger_trapped_chest":5,"minecraft:drop":70,"minecraft:damage_dealt":4116,"minecraft:swim_one_cm":31623,"minecraft:fly_one_cm":121807,"minecraft:play_time":58796,"minecraft:crouch_one_cm":223,"minecraft:deaths":8,"minecraft:sneak_time":198,"minecraft:walk_under_water_one_cm":3008,"minecraft:jump":895,"minecraft:interact_with_blast_furnace":2,"minecraft:walk_on_water_one_cm":17932,"minecraft:fall_one_cm":19758,"minecraft:total_world_time":58796,"minecraft:interact_with_smoker":1},"minecraft:mined":{"minecraft:dark_prismarine":3,"minecraft:oak_slab":1,"iceandfire:silver_ore":4,"minecraft:red_bed":2,"minecraft:mossy_cobblestone":1,"exoticbirds:nest":1,"minecraft:crafting_table":4,"minecraft:blast_furnace":1,"minecraft:acacia_log":6,"minecraft:grass_block":2,"iceandfire:ghost_chest":1,"minecraft:jungle_log":1,"farmersdelight:onion_crate":1,"minecraft:tall_grass":6,"minecraft:cobblestone":1,"minecraft:large_fern":2,"minecraft:packed_mud":1,"minecraft:furnace":1,"minecraft:fire":1,"minecraft:andesite":1,"minecraft:mangrove_leaves":5,"minecraft:grass":19,"minecraft:coal_ore":4,"minecraft:oak_log":21,"minecraft:vine":5,"minecraft:stone":28,"minecraft:stone_bricks":2,"minecraft:oak_leaves":1},"minecraft:picked_up":{"minecraft:crafting_table":4,"farmersdelight:onion_crate":1,"minecraft:andesite":2,"minecraft:jungle_log":1,"minecraft:wooden_pickaxe":1,"minecraft:filled_map":1,"minecraft:packed_mud":1,"minecraft:oak_log":21,"iceandfire:ectoplasm":2,"iceandfire:manuscript":4,"minecraft:string":1,"minecraft:dirt":17,"minecraft:red_bed":2,"bhc:red_heart":2,"minecraft:bone":10,"minecraft:stone_bricks":4,"minecraft:wheat_seeds":4,"alexsmobs:emu_feather":1,"minecraft:gold_nugget":2,"minecraft:iron_ingot":34,"minecraft:cobweb":2,"minecraft:light_gray_wool":1,"minecraft:furnace":1,"minecraft:oak_slab":1,"minecraft:stick":14,"iceandfire:ghost_chest":1,"minecraft:copper_ingot":1,"minecraft:acacia_log":6,"minecraft:porkchop":8,"minecraft:blast_furnace":1,"minecraft:ink_sac":3,"exoticbirds:mystery_egg":1,"minecraft:mossy_cobblestone":1,"neapolitan:strawberries":1,"minecraft:dark_prismarine":6,"minecraft:arrow":6,"minecraft:rotten_flesh":18,"minecraft:chainmail_leggings":1,"minecraft:mangrove_roots":5,"minecraft:bread":19,"minecraft:oak_sapling":6,"iceandfire:raw_silver":4,"minecraft:coal":4,"minecraft:mutton":9,"minecraft:skeleton_skull":1,"minecraft:oak_leaves":1,"minecraft:white_wool":9,"minecraft:cobblestone":29},"minecraft:killed_by":{"undead_revamp2:thehunter":1,"minecraft:skeleton":1,"iceandfire:ghost":4},"minecraft:used":{"farmersdelight:onion_crate":1,"iceandfire:silver_sword":6,"minecraft:stone_pickaxe":46,"minecraft:wooden_pickaxe":5,"minecraft:shield":12,"minecraft:iron_sword":20,"minecraft:cooked_chicken":4,"minecraft:rotten_flesh":6,"iceandfire:copper_sword":15,"minecraft:crafting_table":5,"minecraft:red_bed":2,"iceandfire:silver_axe":47,"neapolitan:strawberry_scones":3,"minecraft:bread":19,"minecraft:iron_pickaxe":1,"minecraft:iron_axe":25,"minecraft:cobblestone":6,"minecraft:furnace":1,"alexsmobs:animal_dictionary":1,"minecraft:chainmail_leggings":1,"neapolitan:strawberries":4},"minecraft:dropped":{"farmersdelight:tomato_seeds":3,"minecraft:iron_ingot":3,"minecraft:oak_slab":1,"minecraft:wheat_seeds":2,"minecraft:nether_wart":1,"minecraft:mossy_cobblestone":1,"minecraft:rotten_flesh":9,"minecraft:light_gray_wool":1,"minecraft:copper_ingot":1,"minecraft:carrot":1,"minecraft:stick":7,"minecraft:filled_map":2,"minecraft:cobweb":2,"minecraft:dirt":3,"iceandfire:ghost_chest":1,"minecraft:skeleton_skull":2,"minecraft:andesite":2,"minecraft:oak_sapling":6,"neapolitan:strawberries":1,"minecraft:stone_bricks":4,"minecraft:gold_nugget":2,"minecraft:wooden_pickaxe":2,"minecraft:chainmail_leggings":1,"minecraft:dark_prismarine":6,"minecraft:white_wool":9,"iceandfire:manuscript":1,"minecraft:bone":2},"minecraft:crafted":{"iceandfire:silver_axe":1,"minecraft:oak_planks":20,"iceandfire:silver_ingot":4,"minecraft:crafting_table":2,"minecraft:wooden_pickaxe":1,"minecraft:iron_helmet":1,"minecraft:iron_sword":1,"minecraft:furnace":1,"minecraft:air":0,"iceandfire:bestiary":1,"minecraft:iron_chestplate":1,"minecraft:iron_boots":1,"minecraft:shield":1,"minecraft:iron_axe":1,"minecraft:stick":16,"minecraft:stone_pickaxe":1,"minecraft:iron_pickaxe":1,"minecraft:iron_leggings":1,"minecraft:acacia_planks":24}},"DataVersion":3465}