{"stats":{"minecraft:killed_by":{"minecraft:zombie_villager":2,"minecraft:pillager":5,"neapolitan:chimpanzee":1,"minecraft:zombie":1,"undead_revamp2:thepregnant":1,"iceandfire:fire_dragon":3,"minecraft:player":2,"minecraft:enderman":1,"minecraft:iron_golem":2,"alexsmobs:bison":1,"undead_revamp2:thehorrors":1,"undead_revamp2:thehunter":3,"irons_spellbooks:necromancer":1,"minecraft:skeleton":21,"iceandfire:ghost":5,"iceandfire:troll":1},"minecraft:killed":{"minecraft:cave_spider":2,"minecraft:spider":6,"exoticbirds:kiwi":1,"undead_revamp2:theswarmer":1,"minecraft:skeleton":23,"alexsmobs:capuchin_monkey":1,"neapolitan:chimpanzee":2,"minecraft:pig":12,"alexsmobs:seal":5,"minecraft:sheep":10,"minecraft:pillager":2,"minecraft:zombie":7,"minecraft:stray":1,"alexsmobs:fly":2,"exoticbirds:peafowl":1,"exoticbirds:cassowary":1,"irons_spellbooks:summoned_zombie":3,"undead_revamp2:thehunter":1,"minecraft:drowned":3,"alexsmobs:bison":1,"undead_revamp2:the_moonflower":5,"exoticbirds:flamingo":1,"iceandfire:ghost":2,"exoticbirds:pigeon":1},"minecraft:picked_up":{"minecraft:wheat":40,"iceandfire:manuscript":4,"minecraft:string":53,"minecraft:raw_copper":23,"neapolitan:banana_bunch":7,"alexsmobs:emu_feather":1,"minecraft:gold_nugget":2,"minecraft:bucket":2,"minecraft:spruce_planks":48,"minecraft:rose_bush":4,"minecraft:cobblestone_slab":1,"minecraft:iron_pickaxe":1,"minecraft:coal_block":6,"valhelsia_structures:light_gray_sleeping_bag":1,"minecraft:furnace":4,"minecraft:iron_boots":2,"minecraft:stick":20,"iceandfire:ghost_chest":1,"valhelsia_structures:gray_sleeping_bag":3,"minecraft:acacia_log":6,"minecraft:torch":8,"minecraft:spruce_stairs":4,"minecraft:porkchop":26,"minecraft:rotten_flesh":47,"minecraft:mangrove_roots":5,"minecraft:cod":1,"minecraft:iron_bars":1,"undead_revamp2:arapholia":5,"minecraft:cobblestone":99,"minecraft:birch_log":6,"farmersdelight:onion_crate":1,"minecraft:feather":1,"minecraft:andesite":3,"minecraft:jungle_log":3,"minecraft:dark_oak_boat":1,"minecraft:potato":5,"alexsmobs:bison_fur":16,"paraglider:spirit_orb":12,"create:raw_zinc":6,"minecraft:dirt":33,"bhc:red_heart":2,"minecraft:bone":48,"farmersdelight:iron_knife":1,"minecraft:bow":1,"minecraft:wheat_seeds":120,"minecraft:bamboo":64,"minecraft:oak_planks":58,"minecraft:ghast_tear":1,"irons_spellbooks:frozen_bone":2,"minecraft:cooked_porkchop":1,"palladium:raw_lead":21,"sophisticatedbackpacks:iron_backpack":1,"minecraft:ink_sac":3,"exoticbirds:mystery_egg":1,"immersive_armors:divine_boots":1,"minecraft:mossy_cobblestone":3,"minecraft:dark_prismarine":6,"neapolitan:strawberries":1,"minecraft:writable_book":2,"minecraft:granite":3,"minecraft:grass":1,"minecraft:emerald":1,"minecraft:bread":20,"alexsmobs:maggot":2,"minecraft:oak_sapling":10,"minecraft:oak_leaves":1,"iceandfire:raw_silver":16,"minecraft:coarse_dirt":2,"minecraft:charcoal":12,"minecraft:crafting_table":9,"minecraft:ladder":1,"minecraft:clay_ball":4,"minecraft:wooden_pickaxe":1,"minecraft:red_bed":3,"minecraft:moss_carpet":1,"minecraft:beef":7,"minecraft:light_gray_wool":2,"minecraft:minecart":1,"minecraft:raw_iron":30,"minecraft:copper_ingot":2,"minecraft:spruce_fence":11,"farmersdelight:tomato_seeds":3,"minecraft:carrot":1,"valhelsia_structures:explorers_tent":1,"minecraft:arrow":56,"minecraft:mutton":15,"minecraft:white_wool":14,"minecraft:skeleton_skull":1,"exoticbirds:raw_birdmeat":3,"minecraft:rail":1,"irons_spellbooks:silver_ring":1,"minecraft:filled_map":2,"minecraft:birch_planks":11,"alexsmobs:cachalot_whale_tooth":1,"minecraft:packed_mud":1,"minecraft:oak_log":29,"iceandfire:ectoplasm":2,"exoticbirds:cooked_birdmeat":2,"irons_spellbooks:common_ink":1,"minecraft:apple":1,"neapolitan:adzuki_beans":2,"minecraft:stone_bricks":15,"minecraft:iron_ingot":39,"minecraft:cobweb":2,"minecraft:glass_bottle":2,"minecraft:iron_sword":2,"minecraft:book":2,"minecraft:oak_slab":2,"minecraft:sweet_berries":5,"minecraft:raw_iron_block":5,"minecraft:gravel":2,"minecraft:blast_furnace":5,"minecraft:spruce_sapling":1,"minecraft:white_bed":1,"minecraft:spruce_log":55,"minecraft:spider_eye":1,"minecraft:pumpkin_seeds":12,"tacz:modern_kinetic_gun":1,"minecraft:chainmail_leggings":1,"minecraft:terracotta":7,"minecraft:dark_oak_wood":4,"minecraft:coal":413},"minecraft:mined":{"minecraft:dark_oak_planks":1,"minecraft:spruce_planks":9,"minecraft:white_bed":1,"minecraft:granite":5,"minecraft:acacia_log":6,"minecraft:grass_block":7,"minecraft:jungle_log":3,"valhelsia_structures:gray_sleeping_bag":2,"minecraft:coal_block":6,"palladium:lead_ore":22,"minecraft:spawner":6,"minecraft:raw_iron_block":5,"minecraft:iron_ore":31,"minecraft:sticky_piston":2,"minecraft:fire":32,"minecraft:dark_oak_stairs":1,"minecraft:oak_stairs":1,"minecraft:iron_bars":1,"minecraft:spruce_slab":1,"valhelsia_structures:explorers_tent":1,"minecraft:red_bed":4,"minecraft:cyan_terracotta":1,"minecraft:smoker":1,"upgrade_aquatic:tall_beachgrass":7,"minecraft:clay":1,"minecraft:torch":3,"minecraft:dark_oak_wood":7,"minecraft:blast_furnace":5,"minecraft:poppy":1,"iceandfire:ghost_chest":1,"minecraft:cobblestone":16,"minecraft:oak_planks":38,"minecraft:wall_torch":1,"minecraft:birch_log":6,"minecraft:wheat":68,"minecraft:pumpkin_stem":4,"minecraft:stone_brick_stairs":1,"minecraft:grass":114,"minecraft:oak_log":29,"minecraft:dirt":7,"upgrade_aquatic:beachgrass":3,"minecraft:oak_leaves":19,"create:zinc_ore":6,"minecraft:dark_prismarine":3,"iceandfire:silver_ore":16,"minecraft:mossy_cobblestone":5,"farmersdelight:wild_carrots":4,"exoticbirds:nest":1,"minecraft:ladder":1,"minecraft:dark_oak_fence":1,"connectedglass:clear_glass":2,"minecraft:spruce_fence":1,"neapolitan:adzuki_sprouts":3,"minecraft:spruce_leaves":22,"minecraft:moss_block":1,"minecraft:large_fern":5,"neapolitan:banana_bundle":2,"minecraft:furnace":5,"minecraft:packed_mud":1,"minecraft:acacia_wood":6,"minecraft:andesite":4,"minecraft:cobblestone_slab":2,"minecraft:vine":10,"upgrade_aquatic:tall_pickerelweed":1,"minecraft:bamboo":49,"minecraft:stone":95,"minecraft:pink_terracotta":2,"minecraft:oak_slab":2,"minecraft:crafting_table":9,"minecraft:emerald_ore":1,"minecraft:rose_bush":3,"farmersdelight:onion_crate":1,"minecraft:tall_grass":37,"minecraft:copper_ore":6,"valhelsia_structures:big_cyan_glazed_jar":1,"minecraft:spruce_stairs":1,"minecraft:birch_planks":11,"minecraft:coarse_dirt":2,"minecraft:spruce_log":56,"minecraft:birch_leaves":11,"minecraft:mangrove_leaves":5,"minecraft:coal_ore":109,"minecraft:gravel":2,"minecraft:cobweb":39,"neapolitan:large_banana_frond":1,"minecraft:terracotta":10,"minecraft:stone_bricks":13,"minecraft:mossy_stone_bricks":1,"minecraft:fern":12},"minecraft:dropped":{"sophisticatedbackpacks:iron_backpack":1,"minecraft:iron_sword":2,"minecraft:glass_bottle":2,"minecraft:ender_pearl":1,"minecraft:cooked_porkchop":1,"iceandfire:ectoplasm":2,"paraglider:spirit_orb":4,"minecraft:cod":1,"minecraft:dirt":6,"irons_spellbooks:silver_ring":1,"minecraft:mutton":1,"neapolitan:adzuki_beans":1,"neapolitan:strawberries":1,"minecraft:writable_book":2,"minecraft:gold_nugget":2,"minecraft:iron_pickaxe":2,"minecraft:white_wool":10,"minecraft:bone":17,"minecraft:gravel":2,"minecraft:wheat":1,"undead_revamp2:arapholia":4,"minecraft:rotten_flesh":26,"minecraft:oak_planks":1,"minecraft:carrot":2,"iceandfire:ghost_chest":1,"minecraft:skeleton_skull":2,"minecraft:ladder":1,"minecraft:iron_bars":1,"minecraft:arrow":6,"iceandfire:manuscript":1,"minecraft:bread":33,"farmersdelight:tomato_seeds":6,"minecraft:iron_ingot":46,"minecraft:oak_slab":2,"minecraft:wheat_seeds":113,"neapolitan:banana":1,"minecraft:mossy_cobblestone":2,"minecraft:feather":1,"minecraft:cobblestone":1,"minecraft:book":2,"minecraft:granite":2,"minecraft:copper_ingot":2,"minecraft:chainmail_helmet":1,"minecraft:golden_apple":5,"minecraft:stick":9,"minecraft:cobweb":2,"tacz:modern_kinetic_gun":1,"irons_spellbooks:common_ink":2,"minecraft:chainmail_leggings":2,"minecraft:paper":1,"irons_spellbooks:frozen_bone":1,"alexsmobs:maggot":2,"minecraft:coarse_dirt":1,"minecraft:nether_wart":1,"neapolitan:banana_bunch":1,"minecraft:light_gray_wool":2,"minecraft:iron_boots":3,"minecraft:spruce_fence":11,"minecraft:pumpkin_seeds":12,"minecraft:blast_furnace":1,"minecraft:filled_map":3,"minecraft:cobblestone_slab":1,"minecraft:shield":1,"minecraft:spruce_planks":2,"minecraft:andesite":2,"minecraft:oak_sapling":6,"exoticbirds:raw_birdmeat":3,"minecraft:spider_eye":1,"minecraft:stone_bricks":4,"minecraft:bow":1,"minecraft:stone_pickaxe":1,"minecraft:wooden_pickaxe":3,"bhc:red_heart":1,"minecraft:dark_prismarine":6,"minecraft:terracotta":5},"minecraft:broken":{"minecraft:iron_boots":1,"minecraft:iron_chestplate":1,"minecraft:iron_leggings":1,"minecraft:chainmail_chestplate":1,"minecraft:chainmail_helmet":1,"minecraft:iron_helmet":2},"minecraft:custom":{"lootr:looted_stat":84,"minecraft:animals_bred":1,"minecraft:interact_with_crafting_table":56,"minecraft:open_barrel":7,"minecraft:leave_game":10,"minecraft:time_since_death":4750,"minecraft:sprint_one_cm":1804593,"minecraft:damage_blocked_by_shield":2147483647,"minecraft:drop":201,"minecraft:talked_to_villager":2,"minecraft:play_time":347190,"minecraft:deaths":64,"minecraft:jump":6082,"minecraft:interact_with_brewingstand":1,"minecraft:walk_on_water_one_cm":57627,"minecraft:interact_with_furnace":27,"minecraft:sleep_in_bed":15,"minecraft:waystone_activated":1,"minecraft:damage_dealt":23822,"minecraft:player_kills":2,"minecraft:crouch_one_cm":2027,"minecraft:interact_with_smoker":3,"minecraft:interact_with_smithing_table":5,"minecraft:mob_kills":116,"minecraft:interact_with_anvil":1,"minecraft:damage_dealt_resisted":22,"minecraft:climb_one_cm":67494,"minecraft:walk_one_cm":857463,"minecraft:sneak_time":1527,"minecraft:walk_under_water_one_cm":19093,"minecraft:boat_one_cm":176845,"minecraft:interact_with_lectern":2,"minecraft:interact_with_blast_furnace":25,"minecraft:total_world_time":347190,"minecraft:tune_noteblock":8,"minecraft:time_since_rest":4852,"minecraft:damage_absorbed":2147483647,"minecraft:damage_taken":22252,"minecraft:trigger_trapped_chest":6,"minecraft:swim_one_cm":141458,"minecraft:fly_one_cm":1113521,"minecraft:open_chest":17,"minecraft:fall_one_cm":185734},"minecraft:used":{"neapolitan:strawberries":14,"farmersdelight:onion_crate":1,"minecraft:writable_book":4,"minecraft:chest":1,"minecraft:shield":62,"minecraft:iron_sword":334,"minecraft:rotten_flesh":7,"minecraft:iron_chestplate":3,"minecraft:carrot":4,"minecraft:spruce_boat":2,"minecraft:lava_bucket":7,"minecraft:stone_bricks":2,"minecraft:bow":1,"minecraft:dark_oak_boat":2,"minecraft:furnace":6,"minecraft:oak_planks":70,"minecraft:stone_pickaxe":87,"minecraft:ender_pearl":3,"minecraft:wooden_pickaxe":9,"minecraft:chainmail_helmet":1,"minecraft:golden_apple":4,"immersive_armors:divine_boots":1,"minecraft:blast_furnace":4,"minecraft:crossbow":25,"iceandfire:silver_axe":191,"minecraft:shears":1,"neapolitan:banana_bunch":3,"minecraft:bread":75,"exoticbirds:cooked_birdmeat":2,"minecraft:chainmail_boots":1,"minecraft:coarse_dirt":1,"iceandfire:silver_sword":125,"minecraft:spruce_planks":35,"valhelsia_structures:light_gray_sleeping_bag":1,"minecraft:cooked_chicken":10,"minecraft:torch":148,"minecraft:dirt":12,"iceandfire:copper_sword":95,"minecraft:spruce_stairs":4,"neapolitan:strawberry_scones":9,"minecraft:iron_axe":25,"minecraft:iron_boots":2,"minecraft:cooked_beef":7,"minecraft:cooked_mutton":9,"farmersdelight:iron_knife":1,"minecraft:baked_potato":9,"minecraft:birch_planks":17,"farmersdelight:golden_knife":1,"neapolitan:adzuki_beans":1,"valhelsia_structures:gray_sleeping_bag":2,"minecraft:mossy_cobblestone":1,"minecraft:crafting_table":17,"minecraft:red_bed":3,"minecraft:white_bed":2,"neapolitan:banana":7,"minecraft:apple":2,"minecraft:iron_pickaxe":318,"minecraft:stone_axe":62,"minecraft:cobblestone":32,"minecraft:cooked_porkchop":19,"minecraft:bucket":6,"alexsmobs:animal_dictionary":1,"minecraft:chainmail_leggings":2},"minecraft:crafted":{"minecraft:oak_planks":116,"minecraft:dark_oak_boat":2,"minecraft:cooked_mutton":9,"minecraft:iron_boots":3,"minecraft:chest":1,"iceandfire:silver_axe":1,"minecraft:cooked_porkchop":15,"minecraft:crafting_table":9,"minecraft:spruce_planks":216,"farmersdelight:iron_knife":1,"minecraft:wooden_pickaxe":2,"minecraft:iron_helmet":1,"minecraft:baked_potato":13,"minecraft:copper_ingot":23,"minecraft:birch_planks":24,"minecraft:iron_chestplate":2,"minecraft:shield":3,"minecraft:stick":60,"minecraft:iron_pickaxe":3,"minecraft:iron_ingot":75,"minecraft:shears":1,"minecraft:raw_iron":45,"minecraft:furnace":2,"palladium:lead_ingot":9,"minecraft:iron_axe":1,"minecraft:stone_pickaxe":1,"minecraft:spruce_boat":2,"minecraft:dark_oak_planks":16,"minecraft:cooked_beef":7,"minecraft:red_dye":2,"iceandfire:silver_ingot":7,"minecraft:iron_sword":1,"minecraft:stone_axe":1,"minecraft:bread":13,"minecraft:air":0,"iceandfire:bestiary":1,"minecraft:white_wool":3,"minecraft:iron_leggings":1,"minecraft:white_bed":1,"minecraft:acacia_planks":24,"minecraft:torch":160}},"DataVersion":3465}