{"stats":{"minecraft:killed":{"minecraft:skeleton":1,"minecraft:zombie":1,"alexsmobs:capuchin_monkey":1,"undead_revamp2:the_moonflower":1,"minecraft:spider":1},"minecraft:crafted":{"minecraft:shield":1,"minecraft:iron_axe":1,"minecraft:crafting_table":1,"minecraft:stick":8,"minecraft:iron_pickaxe":1,"minecraft:iron_sword":1,"minecraft:acacia_planks":24},"minecraft:mined":{"minecraft:packed_mud":1,"exoticbirds:nest":1,"minecraft:mangrove_leaves":5,"minecraft:crafting_table":3,"minecraft:grass":12,"minecraft:acacia_log":6,"farmersdelight:onion_crate":1,"minecraft:tall_grass":1},"minecraft:picked_up":{"farmersdelight:onion_crate":1,"minecraft:stick":2,"minecraft:crafting_table":3,"minecraft:acacia_log":6,"minecraft:packed_mud":1,"exoticbirds:mystery_egg":1,"minecraft:dirt":14,"minecraft:string":1,"bhc:red_heart":1,"minecraft:arrow":4,"minecraft:bone":3,"minecraft:rotten_flesh":8,"alexsmobs:emu_feather":1,"minecraft:wheat_seeds":2,"minecraft:iron_ingot":14,"minecraft:mangrove_roots":5,"minecraft:bread":19,"minecraft:oak_leaves":1},"minecraft:custom":{"minecraft:time_since_rest":19786,"lootr:looted_stat":2,"minecraft:sprint_one_cm":40015,"minecraft:damage_absorbed":351,"minecraft:damage_taken":806,"minecraft:walk_one_cm":47972,"minecraft:damage_blocked_by_shield":435,"minecraft:mob_kills":5,"minecraft:drop":1,"minecraft:damage_dealt":1215,"minecraft:swim_one_cm":9046,"minecraft:fly_one_cm":28572,"minecraft:interact_with_crafting_table":3,"minecraft:crouch_one_cm":124,"minecraft:play_time":19786,"minecraft:sneak_time":168,"minecraft:walk_under_water_one_cm":950,"minecraft:jump":217,"minecraft:time_since_death":19786,"minecraft:walk_on_water_one_cm":11661,"minecraft:total_world_time":19786,"minecraft:climb_one_cm":1648,"minecraft:fall_one_cm":4253},"minecraft:dropped":{"minecraft:iron_ingot":3},"minecraft:used":{"farmersdelight:onion_crate":1,"minecraft:iron_axe":23,"minecraft:bread":12,"minecraft:iron_pickaxe":1,"minecraft:shield":8,"minecraft:iron_sword":16,"minecraft:rotten_flesh":2,"minecraft:crafting_table":3,"alexsmobs:animal_dictionary":1}},"DataVersion":3465}