{"stats":{"minecraft:broken":{"minecraft:iron_boots":1,"minecraft:iron_helmet":1,"minecraft:iron_chestplate":1,"minecraft:iron_leggings":1},"minecraft:killed":{"undead_revamp2:the_moonflower":1,"minecraft:spider":1,"minecraft:skeleton":1,"minecraft:zombie":1,"alexsmobs:capuchin_monkey":1},"minecraft:mined":{"iceandfire:silver_ore":4,"exoticbirds:nest":1,"minecraft:crafting_table":3,"minecraft:acacia_log":6,"minecraft:jungle_log":1,"farmersdelight:onion_crate":1,"minecraft:tall_grass":1,"minecraft:packed_mud":1,"minecraft:fire":1,"minecraft:mangrove_leaves":5,"minecraft:grass":12,"minecraft:oak_log":5,"minecraft:vine":1,"minecraft:stone":22,"minecraft:oak_leaves":1},"minecraft:crafted":{"minecraft:oak_planks":20,"minecraft:crafting_table":2,"minecraft:wooden_pickaxe":1,"minecraft:iron_helmet":1,"minecraft:iron_sword":1,"minecraft:furnace":1,"minecraft:iron_boots":1,"minecraft:iron_chestplate":1,"minecraft:shield":1,"minecraft:iron_axe":1,"minecraft:stick":16,"minecraft:iron_pickaxe":1,"minecraft:stone_pickaxe":1,"minecraft:iron_leggings":1,"minecraft:acacia_planks":24},"minecraft:picked_up":{"minecraft:crafting_table":3,"farmersdelight:onion_crate":1,"minecraft:jungle_log":1,"minecraft:wooden_pickaxe":1,"minecraft:packed_mud":1,"minecraft:oak_log":5,"minecraft:string":1,"minecraft:dirt":14,"bhc:red_heart":1,"minecraft:bone":3,"minecraft:wheat_seeds":2,"alexsmobs:emu_feather":1,"minecraft:iron_ingot":34,"minecraft:stick":7,"minecraft:acacia_log":6,"minecraft:ink_sac":3,"exoticbirds:mystery_egg":1,"minecraft:arrow":5,"minecraft:rotten_flesh":9,"minecraft:mangrove_roots":5,"minecraft:bread":19,"minecraft:oak_sapling":6,"minecraft:oak_leaves":1,"iceandfire:raw_silver":4,"minecraft:cobblestone":22},"minecraft:custom":{"minecraft:interact_with_furnace":1,"lootr:looted_stat":2,"minecraft:mob_kills":5,"minecraft:interact_with_crafting_table":10,"minecraft:time_since_death":4473,"minecraft:climb_one_cm":1648,"minecraft:time_since_rest":4537,"minecraft:sprint_one_cm":65764,"minecraft:walk_one_cm":72971,"minecraft:damage_taken":1335,"minecraft:damage_absorbed":2147483647,"minecraft:damage_blocked_by_shield":2147483647,"minecraft:trigger_trapped_chest":1,"minecraft:drop":6,"minecraft:damage_dealt":1291,"minecraft:swim_one_cm":24161,"minecraft:fly_one_cm":39019,"minecraft:crouch_one_cm":223,"minecraft:play_time":31786,"minecraft:deaths":1,"minecraft:sneak_time":198,"minecraft:walk_under_water_one_cm":2248,"minecraft:jump":299,"minecraft:walk_on_water_one_cm":13926,"minecraft:total_world_time":31786,"minecraft:fall_one_cm":4880},"minecraft:dropped":{"minecraft:iron_ingot":3,"minecraft:oak_sapling":6,"minecraft:wooden_pickaxe":2},"minecraft:used":{"farmersdelight:onion_crate":1,"minecraft:stone_pickaxe":21,"minecraft:shield":12,"minecraft:wooden_pickaxe":5,"minecraft:iron_sword":20,"minecraft:rotten_flesh":6,"minecraft:crafting_table":5,"minecraft:iron_axe":25,"minecraft:bread":19,"minecraft:iron_pickaxe":1,"minecraft:furnace":1,"alexsmobs:animal_dictionary":1}},"DataVersion":3465}