{
	"level_seeds": [
		{
			"dim": "minecraft:overworld",
			"seed": 5980662163181503395
		},
		{
			"dim": "minecraft:the_end",
			"seed": 5980662163181503395
		},
		{
			"dim": "undergarden:undergarden",
			"seed": 5980662163181503395
		},
		{
			"dim": "minecraft:the_nether",
			"seed": 5980662163181503395
		}
	],
	"structure_seeds": [
		{
			"dim": "minecraft:overworld",
			"seed": 5980662163181503395
		},
		{
			"dim": "minecraft:the_end",
			"seed": 5980662163181503395
		},
		{
			"dim": "undergarden:undergarden",
			"seed": 5980662163181503395
		},
		{
			"dim": "minecraft:the_nether",
			"seed": 5980662163181503395
		}
	]
}