{
	"level_seeds": [
		{
			"dim": "minecraft:the_nether",
			"seed": 4698323920359978898
		},
		{
			"dim": "minecraft:overworld",
			"seed": 4698323920359978898
		},
		{
			"dim": "undergarden:undergarden",
			"seed": 4698323920359978898
		},
		{
			"dim": "minecraft:the_end",
			"seed": 4698323920359978898
		}
	],
	"structure_seeds": [
		{
			"dim": "minecraft:the_nether",
			"seed": 4698323920359978898
		},
		{
			"dim": "minecraft:overworld",
			"seed": 4698323920359978898
		},
		{
			"dim": "undergarden:undergarden",
			"seed": 4698323920359978898
		},
		{
			"dim": "minecraft:the_end",
			"seed": 4698323920359978898
		}
	]
}